hour,entity_type,entity_id,event,detail
1,WAREHOUSE,0,QUEUE,"length=0 trucks=[]"
1,WAREHOUSE,0,DOCK_STATUS,"dock=0 FREE dock=1 FREE dock=2 FREE"
1,WAREHOUSE,1,QUEUE,"length=0 trucks=[]"
1,WAREHOUSE,1,DOCK_STATUS,"dock=0 FREE dock=1 FREE dock=2 FREE"
1,WAREHOUSE,2,QUEUE,"length=0 trucks=[]"
1,WAREHOUSE,2,DOCK_STATUS,"dock=0 FREE"
1,WAREHOUSE,3,QUEUE,"length=0 trucks=[]"
1,WAREHOUSE,3,DOCK_STATUS,"dock=0 FREE dock=1 FREE"
1,WAREHOUSE,4,QUEUE,"length=0 trucks=[]"
1,WAREHOUSE,4,DOCK_STATUS,"dock=0 FREE dock=1 FREE"
1,TRUCK,0,MOVING,"pos=(79.80,15.10) heading to WH-0"
1,TRUCK,1,MOVING,"pos=(21.00,82.60) heading to WH-0"
1,TRUCK,2,MOVING,"pos=(15.90,27.40) heading to WH-2"
2,WAREHOUSE,0,QUEUE,"length=0 trucks=[]"
2,WAREHOUSE,0,DOCK_STATUS,"dock=0 FREE dock=1 FREE dock=2 FREE"
2,WAREHOUSE,1,QUEUE,"length=0 trucks=[]"
2,WAREHOUSE,1,DOCK_STATUS,"dock=0 FREE dock=1 FREE dock=2 FREE"
2,WAREHOUSE,2,QUEUE,"length=0 trucks=[]"
2,WAREHOUSE,2,DOCK_STATUS,"dock=0 FREE"
2,WAREHOUSE,3,QUEUE,"length=0 trucks=[]"
2,WAREHOUSE,3,DOCK_STATUS,"dock=0 FREE dock=1 FREE"
2,WAREHOUSE,4,QUEUE,"length=0 trucks=[]"
2,WAREHOUSE,4,DOCK_STATUS,"dock=0 FREE dock=1 FREE"
2,TRUCK,0,MOVING,"pos=(78.03,17.53) heading to WH-0"
2,TRUCK,1,MOVING,"pos=(23.70,79.65) heading to WH-0"
2,TRUCK,2,MOVING,"pos=(17.90,27.42) heading to WH-2"
3,WAREHOUSE,0,QUEUE,"length=0 trucks=[]"
3,WAREHOUSE,0,DOCK_STATUS,"dock=0 FREE dock=1 FREE dock=2 FREE"
3,WAREHOUSE,1,QUEUE,"length=0 trucks=[]"
3,WAREHOUSE,1,DOCK_STATUS,"dock=0 FREE dock=1 FREE dock=2 FREE"
3,WAREHOUSE,2,QUEUE,"length=0 trucks=[]"
3,WAREHOUSE,2,DOCK_STATUS,"dock=0 FREE"
3,WAREHOUSE,3,QUEUE,"length=0 trucks=[]"
3,WAREHOUSE,3,DOCK_STATUS,"dock=0 FREE dock=1 FREE"
3,WAREHOUSE,4,QUEUE,"length=0 trucks=[]"
3,WAREHOUSE,4,DOCK_STATUS,"dock=0 FREE dock=1 FREE"
3,TRUCK,0,MOVING,"pos=(76.27,19.95) heading to WH-0"
3,TRUCK,1,MOVING,"pos=(26.40,76.70) heading to WH-0"
3,TRUCK,2,MOVING,"pos=(19.90,27.44) heading to WH-2"
4,WAREHOUSE,0,QUEUE,"length=0 trucks=[]"
4,WAREHOUSE,0,DOCK_STATUS,"dock=0 FREE dock=1 FREE dock=2 FREE"
4,WAREHOUSE,1,QUEUE,"length=0 trucks=[]"
4,WAREHOUSE,1,DOCK_STATUS,"dock=0 FREE dock=1 FREE dock=2 FREE"
4,WAREHOUSE,2,QUEUE,"length=0 trucks=[]"
4,WAREHOUSE,2,DOCK_STATUS,"dock=0 FREE"
4,WAREHOUSE,3,QUEUE,"length=0 trucks=[]"
4,WAREHOUSE,3,DOCK_STATUS,"dock=0 FREE dock=1 FREE"
4,WAREHOUSE,4,QUEUE,"length=0 trucks=[]"
4,WAREHOUSE,4,DOCK_STATUS,"dock=0 FREE dock=1 FREE"
4,TRUCK,0,MOVING,"pos=(74.50,22.38) heading to WH-0"
4,TRUCK,1,MOVING,"pos=(29.10,73.75) heading to WH-0"
4,TRUCK,2,MOVING,"pos=(21.90,27.46) heading to WH-2"
5,WAREHOUSE,0,QUEUE,"length=0 trucks=[]"
5,WAREHOUSE,0,DOCK_STATUS,"dock=0 FREE dock=1 FREE dock=2 FREE"
5,WAREHOUSE,1,QUEUE,"length=0 trucks=[]"
5,WAREHOUSE,1,DOCK_STATUS,"dock=0 FREE dock=1 FREE dock=2 FREE"
5,WAREHOUSE,2,QUEUE,"length=0 trucks=[]"
5,WAREHOUSE,2,DOCK_STATUS,"dock=0 FREE"
5,WAREHOUSE,3,QUEUE,"length=0 trucks=[]"
5,WAREHOUSE,3,DOCK_STATUS,"dock=0 FREE dock=1 FREE"
5,WAREHOUSE,4,QUEUE,"length=0 trucks=[]"
5,WAREHOUSE,4,DOCK_STATUS,"dock=0 FREE dock=1 FREE"
5,TRUCK,0,MOVING,"pos=(72.74,24.80) heading to WH-0"
5,TRUCK,1,MOVING,"pos=(31.80,70.80) heading to WH-0"
5,TRUCK,2,MOVING,"pos=(23.90,27.48) heading to WH-2"
6,WAREHOUSE,0,QUEUE,"length=0 trucks=[]"
6,WAREHOUSE,0,DOCK_STATUS,"dock=0 FREE dock=1 FREE dock=2 FREE"
6,WAREHOUSE,1,QUEUE,"length=0 trucks=[]"
6,WAREHOUSE,1,DOCK_STATUS,"dock=0 FREE dock=1 FREE dock=2 FREE"
6,WAREHOUSE,2,QUEUE,"length=0 trucks=[]"
6,WAREHOUSE,2,DOCK_STATUS,"dock=0 FREE"
6,WAREHOUSE,3,QUEUE,"length=0 trucks=[]"
6,WAREHOUSE,3,DOCK_STATUS,"dock=0 FREE dock=1 FREE"
6,WAREHOUSE,4,QUEUE,"length=0 trucks=[]"
6,WAREHOUSE,4,DOCK_STATUS,"dock=0 FREE dock=1 FREE"
6,TRUCK,0,MOVING,"pos=(70.97,27.23) heading to WH-0"
6,TRUCK,1,MOVING,"pos=(34.50,67.84) heading to WH-0"
6,TRUCK,2,MOVING,"pos=(25.90,27.50) heading to WH-2"
7,WAREHOUSE,0,QUEUE,"length=0 trucks=[]"
7,WAREHOUSE,0,DOCK_STATUS,"dock=0 FREE dock=1 FREE dock=2 FREE"
7,WAREHOUSE,1,QUEUE,"length=0 trucks=[]"
7,WAREHOUSE,1,DOCK_STATUS,"dock=0 FREE dock=1 FREE dock=2 FREE"
7,WAREHOUSE,2,QUEUE,"length=0 trucks=[]"
7,WAREHOUSE,2,DOCK_STATUS,"dock=0 FREE"
7,WAREHOUSE,3,QUEUE,"length=0 trucks=[]"
7,WAREHOUSE,3,DOCK_STATUS,"dock=0 FREE dock=1 FREE"
7,WAREHOUSE,4,QUEUE,"length=0 trucks=[]"
7,WAREHOUSE,4,DOCK_STATUS,"dock=0 FREE dock=1 FREE"
7,TRUCK,0,MOVING,"pos=(69.21,29.65) heading to WH-0"
7,TRUCK,1,MOVING,"pos=(37.20,64.89) heading to WH-0"
7,TRUCK,2,MOVING,"pos=(27.90,27.51) heading to WH-2"
8,WAREHOUSE,0,QUEUE,"length=0 trucks=[]"
8,WAREHOUSE,0,DOCK_STATUS,"dock=0 FREE dock=1 FREE dock=2 FREE"
8,WAREHOUSE,1,QUEUE,"length=0 trucks=[]"
8,WAREHOUSE,1,DOCK_STATUS,"dock=0 FREE dock=1 FREE dock=2 FREE"
8,WAREHOUSE,2,QUEUE,"length=0 trucks=[]"
8,WAREHOUSE,2,DOCK_STATUS,"dock=0 FREE"
8,WAREHOUSE,3,QUEUE,"length=0 trucks=[]"
8,WAREHOUSE,3,DOCK_STATUS,"dock=0 FREE dock=1 FREE"
8,WAREHOUSE,4,QUEUE,"length=0 trucks=[]"
8,WAREHOUSE,4,DOCK_STATUS,"dock=0 FREE dock=1 FREE"
8,TRUCK,0,WAITING,"queued at WH-0"
8,TRUCK,1,MOVING,"pos=(39.90,61.94) heading to WH-0"
8,TRUCK,2,MOVING,"pos=(29.90,27.53) heading to WH-2"
9,WAREHOUSE,0,QUEUE,"length=0 trucks=[]"
9,WAREHOUSE,0,DOCK_STATUS,"dock=0 truck=0 dock=1 FREE dock=2 FREE"
9,WAREHOUSE,1,QUEUE,"length=0 trucks=[]"
9,WAREHOUSE,1,DOCK_STATUS,"dock=0 FREE dock=1 FREE dock=2 FREE"
9,WAREHOUSE,2,QUEUE,"length=0 trucks=[]"
9,WAREHOUSE,2,DOCK_STATUS,"dock=0 FREE"
9,WAREHOUSE,3,QUEUE,"length=0 trucks=[]"
9,WAREHOUSE,3,DOCK_STATUS,"dock=0 FREE dock=1 FREE"
9,WAREHOUSE,4,QUEUE,"length=0 trucks=[]"
9,WAREHOUSE,4,DOCK_STATUS,"dock=0 FREE dock=1 FREE"
9,TRUCK,0,LOADING,"loaded shipment 1 size 1 at WH-0"
9,SHIPMENT,1,IN_TRANSIT,"WH-0 to WH-2"
9,TRUCK,0,LOADING,"cargo=1/3 at WH-0"
9,TRUCK,1,MOVING,"pos=(42.60,58.99) heading to WH-0"
9,TRUCK,2,MOVING,"pos=(31.90,27.55) heading to WH-2"
10,WAREHOUSE,0,QUEUE,"length=0 trucks=[]"
10,WAREHOUSE,0,DOCK_STATUS,"dock=0 truck=0 dock=1 FREE dock=2 FREE"
10,WAREHOUSE,1,QUEUE,"length=0 trucks=[]"
10,WAREHOUSE,1,DOCK_STATUS,"dock=0 FREE dock=1 FREE dock=2 FREE"
10,WAREHOUSE,2,QUEUE,"length=0 trucks=[]"
10,WAREHOUSE,2,DOCK_STATUS,"dock=0 FREE"
10,WAREHOUSE,3,QUEUE,"length=0 trucks=[]"
10,WAREHOUSE,3,DOCK_STATUS,"dock=0 FREE dock=1 FREE"
10,WAREHOUSE,4,QUEUE,"length=0 trucks=[]"
10,WAREHOUSE,4,DOCK_STATUS,"dock=0 FREE dock=1 FREE"
10,TRUCK,0,LOADING,"loaded shipment 0 size 2 at WH-0"
10,SHIPMENT,0,IN_TRANSIT,"WH-0 to WH-4"
10,TRUCK,0,MOVING,"pos=(68.30,30.90) heading to WH-4"
10,TRUCK,1,MOVING,"pos=(45.30,56.04) heading to WH-0"
10,TRUCK,2,MOVING,"pos=(33.90,27.57) heading to WH-2"
11,WAREHOUSE,0,QUEUE,"length=0 trucks=[]"
11,WAREHOUSE,0,DOCK_STATUS,"dock=0 FREE dock=1 FREE dock=2 FREE"
11,WAREHOUSE,1,QUEUE,"length=0 trucks=[]"
11,WAREHOUSE,1,DOCK_STATUS,"dock=0 FREE dock=1 FREE dock=2 FREE"
11,WAREHOUSE,2,QUEUE,"length=0 trucks=[]"
11,WAREHOUSE,2,DOCK_STATUS,"dock=0 FREE"
11,WAREHOUSE,3,QUEUE,"length=0 trucks=[]"
11,WAREHOUSE,3,DOCK_STATUS,"dock=0 FREE dock=1 FREE"
11,WAREHOUSE,4,QUEUE,"length=0 trucks=[]"
11,WAREHOUSE,4,DOCK_STATUS,"dock=0 FREE dock=1 FREE"
11,TRUCK,0,MOVING,"pos=(66.83,33.52) heading to WH-4"
11,TRUCK,1,MOVING,"pos=(48.00,53.09) heading to WH-0"
11,TRUCK,2,MOVING,"pos=(35.90,27.59) heading to WH-2"
12,WAREHOUSE,0,QUEUE,"length=0 trucks=[]"
12,WAREHOUSE,0,DOCK_STATUS,"dock=0 FREE dock=1 FREE dock=2 FREE"
12,WAREHOUSE,1,QUEUE,"length=0 trucks=[]"
12,WAREHOUSE,1,DOCK_STATUS,"dock=0 FREE dock=1 FREE dock=2 FREE"
12,WAREHOUSE,2,QUEUE,"length=0 trucks=[]"
12,WAREHOUSE,2,DOCK_STATUS,"dock=0 FREE"
12,WAREHOUSE,3,QUEUE,"length=0 trucks=[]"
12,WAREHOUSE,3,DOCK_STATUS,"dock=0 FREE dock=1 FREE"
12,WAREHOUSE,4,QUEUE,"length=0 trucks=[]"
12,WAREHOUSE,4,DOCK_STATUS,"dock=0 FREE dock=1 FREE"
12,TRUCK,0,MOVING,"pos=(65.37,36.13) heading to WH-4"
12,TRUCK,1,MOVING,"pos=(50.70,50.14) heading to WH-0"
12,TRUCK,2,WAITING,"queued at WH-2"
13,WAREHOUSE,0,QUEUE,"length=0 trucks=[]"
13,WAREHOUSE,0,DOCK_STATUS,"dock=0 FREE dock=1 FREE dock=2 FREE"
13,WAREHOUSE,1,QUEUE,"length=0 trucks=[]"
13,WAREHOUSE,1,DOCK_STATUS,"dock=0 FREE dock=1 FREE dock=2 FREE"
13,WAREHOUSE,2,QUEUE,"length=0 trucks=[]"
13,WAREHOUSE,2,DOCK_STATUS,"dock=0 truck=2"
13,WAREHOUSE,3,QUEUE,"length=0 trucks=[]"
13,WAREHOUSE,3,DOCK_STATUS,"dock=0 FREE dock=1 FREE"
13,WAREHOUSE,4,QUEUE,"length=0 trucks=[]"
13,WAREHOUSE,4,DOCK_STATUS,"dock=0 FREE dock=1 FREE"
13,TRUCK,0,MOVING,"pos=(63.90,38.75) heading to WH-4"
13,TRUCK,1,MOVING,"pos=(53.40,47.19) heading to WH-0"
13,TRUCK,2,LOADING,"loaded shipment 5 size 3 at WH-2"
13,SHIPMENT,5,IN_TRANSIT,"WH-2 to WH-1"
13,TRUCK,2,MOVING,"pos=(36.90,27.60) heading to WH-1"
14,WAREHOUSE,0,QUEUE,"length=0 trucks=[]"
14,WAREHOUSE,0,DOCK_STATUS,"dock=0 FREE dock=1 FREE dock=2 FREE"
14,WAREHOUSE,1,QUEUE,"length=0 trucks=[]"
14,WAREHOUSE,1,DOCK_STATUS,"dock=0 FREE dock=1 FREE dock=2 FREE"
14,WAREHOUSE,2,QUEUE,"length=0 trucks=[]"
14,WAREHOUSE,2,DOCK_STATUS,"dock=0 FREE"
14,WAREHOUSE,3,QUEUE,"length=0 trucks=[]"
14,WAREHOUSE,3,DOCK_STATUS,"dock=0 FREE dock=1 FREE"
14,WAREHOUSE,4,QUEUE,"length=0 trucks=[]"
14,WAREHOUSE,4,DOCK_STATUS,"dock=0 FREE dock=1 FREE"
14,TRUCK,0,MOVING,"pos=(62.44,41.37) heading to WH-4"
14,TRUCK,1,MOVING,"pos=(56.10,44.23) heading to WH-0"
14,TRUCK,2,MOVING,"pos=(38.66,26.64) heading to WH-1"
15,WAREHOUSE,0,QUEUE,"length=0 trucks=[]"
15,WAREHOUSE,0,DOCK_STATUS,"dock=0 FREE dock=1 FREE dock=2 FREE"
15,WAREHOUSE,1,QUEUE,"length=0 trucks=[]"
15,WAREHOUSE,1,DOCK_STATUS,"dock=0 FREE dock=1 FREE dock=2 FREE"
15,WAREHOUSE,2,QUEUE,"length=0 trucks=[]"
15,WAREHOUSE,2,DOCK_STATUS,"dock=0 FREE"
15,WAREHOUSE,3,QUEUE,"length=0 trucks=[]"
15,WAREHOUSE,3,DOCK_STATUS,"dock=0 FREE dock=1 FREE"
15,WAREHOUSE,4,QUEUE,"length=0 trucks=[]"
15,WAREHOUSE,4,DOCK_STATUS,"dock=0 FREE dock=1 FREE"
15,TRUCK,0,MOVING,"pos=(60.97,43.99) heading to WH-4"
15,TRUCK,1,MOVING,"pos=(58.80,41.28) heading to WH-0"
15,TRUCK,2,MOVING,"pos=(40.41,25.68) heading to WH-1"
16,WAREHOUSE,0,QUEUE,"length=0 trucks=[]"
16,WAREHOUSE,0,DOCK_STATUS,"dock=0 FREE dock=1 FREE dock=2 FREE"
16,WAREHOUSE,1,QUEUE,"length=0 trucks=[]"
16,WAREHOUSE,1,DOCK_STATUS,"dock=0 FREE dock=1 FREE dock=2 FREE"
16,WAREHOUSE,2,QUEUE,"length=0 trucks=[]"
16,WAREHOUSE,2,DOCK_STATUS,"dock=0 FREE"
16,WAREHOUSE,3,QUEUE,"length=0 trucks=[]"
16,WAREHOUSE,3,DOCK_STATUS,"dock=0 FREE dock=1 FREE"
16,WAREHOUSE,4,QUEUE,"length=0 trucks=[]"
16,WAREHOUSE,4,DOCK_STATUS,"dock=0 FREE dock=1 FREE"
16,TRUCK,0,MOVING,"pos=(59.50,46.60) heading to WH-4"
16,TRUCK,1,MOVING,"pos=(61.50,38.33) heading to WH-0"
16,TRUCK,2,MOVING,"pos=(42.17,24.73) heading to WH-1"
17,WAREHOUSE,0,QUEUE,"length=0 trucks=[]"
17,WAREHOUSE,0,DOCK_STATUS,"dock=0 FREE dock=1 FREE dock=2 FREE"
17,WAREHOUSE,1,QUEUE,"length=0 trucks=[]"
17,WAREHOUSE,1,DOCK_STATUS,"dock=0 FREE dock=1 FREE dock=2 FREE"
17,WAREHOUSE,2,QUEUE,"length=0 trucks=[]"
17,WAREHOUSE,2,DOCK_STATUS,"dock=0 FREE"
17,WAREHOUSE,3,QUEUE,"length=0 trucks=[]"
17,WAREHOUSE,3,DOCK_STATUS,"dock=0 FREE dock=1 FREE"
17,WAREHOUSE,4,QUEUE,"length=0 trucks=[]"
17,WAREHOUSE,4,DOCK_STATUS,"dock=0 FREE dock=1 FREE"
17,TRUCK,0,MOVING,"pos=(58.04,49.22) heading to WH-4"
17,TRUCK,1,MOVING,"pos=(64.20,35.38) heading to WH-0"
17,TRUCK,2,MOVING,"pos=(43.92,23.77) heading to WH-1"
18,WAREHOUSE,0,QUEUE,"length=0 trucks=[]"
18,WAREHOUSE,0,DOCK_STATUS,"dock=0 FREE dock=1 FREE dock=2 FREE"
18,WAREHOUSE,1,QUEUE,"length=0 trucks=[]"
18,WAREHOUSE,1,DOCK_STATUS,"dock=0 FREE dock=1 FREE dock=2 FREE"
18,WAREHOUSE,2,QUEUE,"length=0 trucks=[]"
18,WAREHOUSE,2,DOCK_STATUS,"dock=0 FREE"
18,WAREHOUSE,3,QUEUE,"length=0 trucks=[]"
18,WAREHOUSE,3,DOCK_STATUS,"dock=0 FREE dock=1 FREE"
18,WAREHOUSE,4,QUEUE,"length=0 trucks=[]"
18,WAREHOUSE,4,DOCK_STATUS,"dock=0 FREE dock=1 FREE"
18,TRUCK,0,MOVING,"pos=(56.57,51.84) heading to WH-4"
18,TRUCK,1,MOVING,"pos=(66.90,32.43) heading to WH-0"
18,TRUCK,2,MOVING,"pos=(45.68,22.81) heading to WH-1"
19,WAREHOUSE,0,QUEUE,"length=0 trucks=[]"
19,WAREHOUSE,0,DOCK_STATUS,"dock=0 FREE dock=1 FREE dock=2 FREE"
19,WAREHOUSE,1,QUEUE,"length=0 trucks=[]"
19,WAREHOUSE,1,DOCK_STATUS,"dock=0 FREE dock=1 FREE dock=2 FREE"
19,WAREHOUSE,2,QUEUE,"length=0 trucks=[]"
19,WAREHOUSE,2,DOCK_STATUS,"dock=0 FREE"
19,WAREHOUSE,3,QUEUE,"length=0 trucks=[]"
19,WAREHOUSE,3,DOCK_STATUS,"dock=0 FREE dock=1 FREE"
19,WAREHOUSE,4,QUEUE,"length=0 trucks=[]"
19,WAREHOUSE,4,DOCK_STATUS,"dock=0 FREE dock=1 FREE"
19,TRUCK,0,MOVING,"pos=(55.11,54.46) heading to WH-4"
19,TRUCK,1,WAITING,"queued at WH-0"
19,TRUCK,2,MOVING,"pos=(47.43,21.85) heading to WH-1"
20,WAREHOUSE,0,QUEUE,"length=0 trucks=[]"
20,WAREHOUSE,0,DOCK_STATUS,"dock=0 truck=1 dock=1 FREE dock=2 FREE"
20,WAREHOUSE,1,QUEUE,"length=0 trucks=[]"
20,WAREHOUSE,1,DOCK_STATUS,"dock=0 FREE dock=1 FREE dock=2 FREE"
20,WAREHOUSE,2,QUEUE,"length=0 trucks=[]"
20,WAREHOUSE,2,DOCK_STATUS,"dock=0 FREE"
20,WAREHOUSE,3,QUEUE,"length=0 trucks=[]"
20,WAREHOUSE,3,DOCK_STATUS,"dock=0 FREE dock=1 FREE"
20,WAREHOUSE,4,QUEUE,"length=0 trucks=[]"
20,WAREHOUSE,4,DOCK_STATUS,"dock=0 FREE dock=1 FREE"
20,TRUCK,0,MOVING,"pos=(53.64,57.07) heading to WH-4"
20,TRUCK,1,LOADING,"loaded shipment 3 size 1 at WH-0"
20,SHIPMENT,3,IN_TRANSIT,"WH-0 to WH-3"
20,TRUCK,1,LOADING,"cargo=1/2 at WH-0"
20,TRUCK,2,MOVING,"pos=(49.19,20.89) heading to WH-1"
21,WAREHOUSE,0,QUEUE,"length=0 trucks=[]"
21,WAREHOUSE,0,DOCK_STATUS,"dock=0 truck=1 dock=1 FREE dock=2 FREE"
21,WAREHOUSE,1,QUEUE,"length=0 trucks=[]"
21,WAREHOUSE,1,DOCK_STATUS,"dock=0 FREE dock=1 FREE dock=2 FREE"
21,WAREHOUSE,2,QUEUE,"length=0 trucks=[]"
21,WAREHOUSE,2,DOCK_STATUS,"dock=0 FREE"
21,WAREHOUSE,3,QUEUE,"length=0 trucks=[]"
21,WAREHOUSE,3,DOCK_STATUS,"dock=0 FREE dock=1 FREE"
21,WAREHOUSE,4,QUEUE,"length=0 trucks=[]"
21,WAREHOUSE,4,DOCK_STATUS,"dock=0 FREE dock=1 FREE"
21,TRUCK,0,MOVING,"pos=(52.17,59.69) heading to WH-4"
21,TRUCK,1,LOADING,"loaded shipment 2 size 1 at WH-0"
21,SHIPMENT,2,IN_TRANSIT,"WH-0 to WH-3"
21,TRUCK,1,MOVING,"pos=(68.30,30.90) heading to WH-3"
21,TRUCK,2,MOVING,"pos=(50.94,19.94) heading to WH-1"
22,WAREHOUSE,0,QUEUE,"length=0 trucks=[]"
22,WAREHOUSE,0,DOCK_STATUS,"dock=0 FREE dock=1 FREE dock=2 FREE"
22,WAREHOUSE,1,QUEUE,"length=0 trucks=[]"
22,WAREHOUSE,1,DOCK_STATUS,"dock=0 FREE dock=1 FREE dock=2 FREE"
22,WAREHOUSE,2,QUEUE,"length=0 trucks=[]"
22,WAREHOUSE,2,DOCK_STATUS,"dock=0 FREE"
22,WAREHOUSE,3,QUEUE,"length=0 trucks=[]"
22,WAREHOUSE,3,DOCK_STATUS,"dock=0 FREE dock=1 FREE"
22,WAREHOUSE,4,QUEUE,"length=0 trucks=[]"
22,WAREHOUSE,4,DOCK_STATUS,"dock=0 FREE dock=1 FREE"
22,TRUCK,0,MOVING,"pos=(50.71,62.31) heading to WH-4"
22,TRUCK,1,MOVING,"pos=(68.76,34.87) heading to WH-3"
22,TRUCK,2,MOVING,"pos=(52.70,18.98) heading to WH-1"
23,WAREHOUSE,0,QUEUE,"length=0 trucks=[]"
23,WAREHOUSE,0,DOCK_STATUS,"dock=0 FREE dock=1 FREE dock=2 FREE"
23,WAREHOUSE,1,QUEUE,"length=0 trucks=[]"
23,WAREHOUSE,1,DOCK_STATUS,"dock=0 FREE dock=1 FREE dock=2 FREE"
23,WAREHOUSE,2,QUEUE,"length=0 trucks=[]"
23,WAREHOUSE,2,DOCK_STATUS,"dock=0 FREE"
23,WAREHOUSE,3,QUEUE,"length=0 trucks=[]"
23,WAREHOUSE,3,DOCK_STATUS,"dock=0 FREE dock=1 FREE"
23,WAREHOUSE,4,QUEUE,"length=0 trucks=[]"
23,WAREHOUSE,4,DOCK_STATUS,"dock=0 FREE dock=1 FREE"
23,TRUCK,0,MOVING,"pos=(49.24,64.93) heading to WH-4"
23,TRUCK,1,MOVING,"pos=(69.21,38.85) heading to WH-3"
23,TRUCK,2,MOVING,"pos=(54.46,18.02) heading to WH-1"
24,WAREHOUSE,0,QUEUE,"length=0 trucks=[]"
24,WAREHOUSE,0,DOCK_STATUS,"dock=0 FREE dock=1 FREE dock=2 FREE"
24,WAREHOUSE,1,QUEUE,"length=0 trucks=[]"
24,WAREHOUSE,1,DOCK_STATUS,"dock=0 FREE dock=1 FREE dock=2 FREE"
24,WAREHOUSE,2,QUEUE,"length=0 trucks=[]"
24,WAREHOUSE,2,DOCK_STATUS,"dock=0 FREE"
24,WAREHOUSE,3,QUEUE,"length=0 trucks=[]"
24,WAREHOUSE,3,DOCK_STATUS,"dock=0 FREE dock=1 FREE"
24,WAREHOUSE,4,QUEUE,"length=0 trucks=[]"
24,WAREHOUSE,4,DOCK_STATUS,"dock=0 FREE dock=1 FREE"
24,TRUCK,0,MOVING,"pos=(47.78,67.54) heading to WH-4"
24,TRUCK,1,MOVING,"pos=(69.67,42.82) heading to WH-3"
24,TRUCK,2,MOVING,"pos=(56.21,17.06) heading to WH-1"
25,WAREHOUSE,0,QUEUE,"length=0 trucks=[]"
25,WAREHOUSE,0,DOCK_STATUS,"dock=0 FREE dock=1 FREE dock=2 FREE"
25,WAREHOUSE,1,QUEUE,"length=0 trucks=[]"
25,WAREHOUSE,1,DOCK_STATUS,"dock=0 FREE dock=1 FREE dock=2 FREE"
25,WAREHOUSE,2,QUEUE,"length=0 trucks=[]"
25,WAREHOUSE,2,DOCK_STATUS,"dock=0 FREE"
25,WAREHOUSE,3,QUEUE,"length=0 trucks=[]"
25,WAREHOUSE,3,DOCK_STATUS,"dock=0 FREE dock=1 FREE"
25,WAREHOUSE,4,QUEUE,"length=0 trucks=[]"
25,WAREHOUSE,4,DOCK_STATUS,"dock=0 FREE dock=1 FREE"
25,TRUCK,0,MOVING,"pos=(46.31,70.16) heading to WH-4"
25,TRUCK,1,MOVING,"pos=(70.12,46.80) heading to WH-3"
25,TRUCK,2,MOVING,"pos=(57.97,16.10) heading to WH-1"
26,WAREHOUSE,0,QUEUE,"length=0 trucks=[]"
26,WAREHOUSE,0,DOCK_STATUS,"dock=0 FREE dock=1 FREE dock=2 FREE"
26,WAREHOUSE,1,QUEUE,"length=0 trucks=[]"
26,WAREHOUSE,1,DOCK_STATUS,"dock=0 FREE dock=1 FREE dock=2 FREE"
26,WAREHOUSE,2,QUEUE,"length=0 trucks=[]"
26,WAREHOUSE,2,DOCK_STATUS,"dock=0 FREE"
26,WAREHOUSE,3,QUEUE,"length=0 trucks=[]"
26,WAREHOUSE,3,DOCK_STATUS,"dock=0 FREE dock=1 FREE"
26,WAREHOUSE,4,QUEUE,"length=0 trucks=[]"
26,WAREHOUSE,4,DOCK_STATUS,"dock=0 FREE dock=1 FREE"
26,TRUCK,0,MOVING,"pos=(44.84,72.78) heading to WH-4"
26,TRUCK,1,MOVING,"pos=(70.58,50.77) heading to WH-3"
26,TRUCK,2,MOVING,"pos=(59.72,15.15) heading to WH-1"
27,WAREHOUSE,0,QUEUE,"length=0 trucks=[]"
27,WAREHOUSE,0,DOCK_STATUS,"dock=0 FREE dock=1 FREE dock=2 FREE"
27,WAREHOUSE,1,QUEUE,"length=0 trucks=[]"
27,WAREHOUSE,1,DOCK_STATUS,"dock=0 FREE dock=1 FREE dock=2 FREE"
27,WAREHOUSE,2,QUEUE,"length=0 trucks=[]"
27,WAREHOUSE,2,DOCK_STATUS,"dock=0 FREE"
27,WAREHOUSE,3,QUEUE,"length=0 trucks=[]"
27,WAREHOUSE,3,DOCK_STATUS,"dock=0 FREE dock=1 FREE"
27,WAREHOUSE,4,QUEUE,"length=0 trucks=[]"
27,WAREHOUSE,4,DOCK_STATUS,"dock=0 FREE dock=1 FREE"
27,TRUCK,0,WAITING,"queued at WH-4"
27,TRUCK,1,MOVING,"pos=(71.03,54.74) heading to WH-3"
27,TRUCK,2,MOVING,"pos=(61.48,14.19) heading to WH-1"
28,WAREHOUSE,0,QUEUE,"length=0 trucks=[]"
28,WAREHOUSE,0,DOCK_STATUS,"dock=0 FREE dock=1 FREE dock=2 FREE"
28,WAREHOUSE,1,QUEUE,"length=0 trucks=[]"
28,WAREHOUSE,1,DOCK_STATUS,"dock=0 FREE dock=1 FREE dock=2 FREE"
28,WAREHOUSE,2,QUEUE,"length=0 trucks=[]"
28,WAREHOUSE,2,DOCK_STATUS,"dock=0 FREE"
28,WAREHOUSE,3,QUEUE,"length=0 trucks=[]"
28,WAREHOUSE,3,DOCK_STATUS,"dock=0 FREE dock=1 FREE"
28,WAREHOUSE,4,QUEUE,"length=0 trucks=[]"
28,WAREHOUSE,4,DOCK_STATUS,"dock=0 truck=0 dock=1 FREE"
28,TRUCK,0,UNLOADING,"delivered shipment 0 at WH-4"
28,SHIPMENT,0,DELIVERED,"WH-0 to WH-4 pickup_hr=10 delivery_hr=28"
28,TRUCK,0,MOVING,"pos=(43.60,75.00) heading to WH-2"
28,TRUCK,1,MOVING,"pos=(71.49,58.72) heading to WH-3"
28,TRUCK,2,MOVING,"pos=(63.23,13.23) heading to WH-1"
29,WAREHOUSE,0,QUEUE,"length=0 trucks=[]"
29,WAREHOUSE,0,DOCK_STATUS,"dock=0 FREE dock=1 FREE dock=2 FREE"
29,WAREHOUSE,1,QUEUE,"length=0 trucks=[]"
29,WAREHOUSE,1,DOCK_STATUS,"dock=0 FREE dock=1 FREE dock=2 FREE"
29,WAREHOUSE,2,QUEUE,"length=0 trucks=[]"
29,WAREHOUSE,2,DOCK_STATUS,"dock=0 FREE"
29,WAREHOUSE,3,QUEUE,"length=0 trucks=[]"
29,WAREHOUSE,3,DOCK_STATUS,"dock=0 FREE dock=1 FREE"
29,WAREHOUSE,4,QUEUE,"length=0 trucks=[]"
29,WAREHOUSE,4,DOCK_STATUS,"dock=0 FREE dock=1 FREE"
29,TRUCK,0,MOVING,"pos=(43.18,72.03) heading to WH-2"
29,TRUCK,1,MOVING,"pos=(71.95,62.69) heading to WH-3"
29,TRUCK,2,MOVING,"pos=(64.99,12.27) heading to WH-1"
30,WAREHOUSE,0,QUEUE,"length=0 trucks=[]"
30,WAREHOUSE,0,DOCK_STATUS,"dock=0 FREE dock=1 FREE dock=2 FREE"
30,WAREHOUSE,1,QUEUE,"length=0 trucks=[]"
30,WAREHOUSE,1,DOCK_STATUS,"dock=0 FREE dock=1 FREE dock=2 FREE"
30,WAREHOUSE,2,QUEUE,"length=0 trucks=[]"
30,WAREHOUSE,2,DOCK_STATUS,"dock=0 FREE"
30,WAREHOUSE,3,QUEUE,"length=0 trucks=[]"
30,WAREHOUSE,3,DOCK_STATUS,"dock=0 FREE dock=1 FREE"
30,WAREHOUSE,4,QUEUE,"length=0 trucks=[]"
30,WAREHOUSE,4,DOCK_STATUS,"dock=0 FREE dock=1 FREE"
30,TRUCK,0,MOVING,"pos=(42.76,69.06) heading to WH-2"
30,TRUCK,1,MOVING,"pos=(72.40,66.67) heading to WH-3"
30,TRUCK,2,MOVING,"pos=(66.75,11.31) heading to WH-1"
31,WAREHOUSE,0,QUEUE,"length=0 trucks=[]"
31,WAREHOUSE,0,DOCK_STATUS,"dock=0 FREE dock=1 FREE dock=2 FREE"
31,WAREHOUSE,1,QUEUE,"length=0 trucks=[]"
31,WAREHOUSE,1,DOCK_STATUS,"dock=0 FREE dock=1 FREE dock=2 FREE"
31,WAREHOUSE,2,QUEUE,"length=0 trucks=[]"
31,WAREHOUSE,2,DOCK_STATUS,"dock=0 FREE"
31,WAREHOUSE,3,QUEUE,"length=0 trucks=[]"
31,WAREHOUSE,3,DOCK_STATUS,"dock=0 FREE dock=1 FREE"
31,WAREHOUSE,4,QUEUE,"length=0 trucks=[]"
31,WAREHOUSE,4,DOCK_STATUS,"dock=0 FREE dock=1 FREE"
31,TRUCK,0,MOVING,"pos=(42.34,66.09) heading to WH-2"
31,TRUCK,1,MOVING,"pos=(72.86,70.64) heading to WH-3"
31,TRUCK,2,MOVING,"pos=(68.50,10.35) heading to WH-1"
32,WAREHOUSE,0,QUEUE,"length=0 trucks=[]"
32,WAREHOUSE,0,DOCK_STATUS,"dock=0 FREE dock=1 FREE dock=2 FREE"
32,WAREHOUSE,1,QUEUE,"length=0 trucks=[]"
32,WAREHOUSE,1,DOCK_STATUS,"dock=0 FREE dock=1 FREE dock=2 FREE"
32,WAREHOUSE,2,QUEUE,"length=0 trucks=[]"
32,WAREHOUSE,2,DOCK_STATUS,"dock=0 FREE"
32,WAREHOUSE,3,QUEUE,"length=0 trucks=[]"
32,WAREHOUSE,3,DOCK_STATUS,"dock=0 FREE dock=1 FREE"
32,WAREHOUSE,4,QUEUE,"length=0 trucks=[]"
32,WAREHOUSE,4,DOCK_STATUS,"dock=0 FREE dock=1 FREE"
32,TRUCK,0,MOVING,"pos=(41.92,63.12) heading to WH-2"
32,TRUCK,1,MOVING,"pos=(73.31,74.61) heading to WH-3"
32,TRUCK,2,MOVING,"pos=(70.26,9.40) heading to WH-1"
33,WAREHOUSE,0,QUEUE,"length=0 trucks=[]"
33,WAREHOUSE,0,DOCK_STATUS,"dock=0 FREE dock=1 FREE dock=2 FREE"
33,WAREHOUSE,1,QUEUE,"length=0 trucks=[]"
33,WAREHOUSE,1,DOCK_STATUS,"dock=0 FREE dock=1 FREE dock=2 FREE"
33,WAREHOUSE,2,QUEUE,"length=0 trucks=[]"
33,WAREHOUSE,2,DOCK_STATUS,"dock=0 FREE"
33,WAREHOUSE,3,QUEUE,"length=0 trucks=[]"
33,WAREHOUSE,3,DOCK_STATUS,"dock=0 FREE dock=1 FREE"
33,WAREHOUSE,4,QUEUE,"length=0 trucks=[]"
33,WAREHOUSE,4,DOCK_STATUS,"dock=0 FREE dock=1 FREE"
33,TRUCK,0,MOVING,"pos=(41.50,60.15) heading to WH-2"
33,TRUCK,1,MOVING,"pos=(73.77,78.59) heading to WH-3"
33,TRUCK,2,WAITING,"queued at WH-1"
34,WAREHOUSE,0,QUEUE,"length=0 trucks=[]"
34,WAREHOUSE,0,DOCK_STATUS,"dock=0 FREE dock=1 FREE dock=2 FREE"
34,WAREHOUSE,1,QUEUE,"length=0 trucks=[]"
34,WAREHOUSE,1,DOCK_STATUS,"dock=0 truck=2 dock=1 FREE dock=2 FREE"
34,WAREHOUSE,2,QUEUE,"length=0 trucks=[]"
34,WAREHOUSE,2,DOCK_STATUS,"dock=0 FREE"
34,WAREHOUSE,3,QUEUE,"length=0 trucks=[]"
34,WAREHOUSE,3,DOCK_STATUS,"dock=0 FREE dock=1 FREE"
34,WAREHOUSE,4,QUEUE,"length=0 trucks=[]"
34,WAREHOUSE,4,DOCK_STATUS,"dock=0 FREE dock=1 FREE"
34,TRUCK,0,MOVING,"pos=(41.08,57.18) heading to WH-2"
34,TRUCK,1,MOVING,"pos=(74.22,82.56) heading to WH-3"
34,TRUCK,2,UNLOADING,"delivered shipment 5 at WH-1"
34,SHIPMENT,5,DELIVERED,"WH-2 to WH-1 pickup_hr=13 delivery_hr=34"
34,TRUCK,2,MOVING,"pos=(70.80,9.10) heading to WH-3"
35,WAREHOUSE,0,QUEUE,"length=0 trucks=[]"
35,WAREHOUSE,0,DOCK_STATUS,"dock=0 FREE dock=1 FREE dock=2 FREE"
35,WAREHOUSE,1,QUEUE,"length=0 trucks=[]"
35,WAREHOUSE,1,DOCK_STATUS,"dock=0 FREE dock=1 FREE dock=2 FREE"
35,WAREHOUSE,2,QUEUE,"length=0 trucks=[]"
35,WAREHOUSE,2,DOCK_STATUS,"dock=0 FREE"
35,WAREHOUSE,3,QUEUE,"length=0 trucks=[]"
35,WAREHOUSE,3,DOCK_STATUS,"dock=0 FREE dock=1 FREE"
35,WAREHOUSE,4,QUEUE,"length=0 trucks=[]"
35,WAREHOUSE,4,DOCK_STATUS,"dock=0 FREE dock=1 FREE"
35,TRUCK,0,MOVING,"pos=(40.66,54.21) heading to WH-2"
35,TRUCK,1,MOVING,"pos=(74.68,86.54) heading to WH-3"
35,TRUCK,2,MOVING,"pos=(70.92,11.10) heading to WH-3"
36,WAREHOUSE,0,QUEUE,"length=0 trucks=[]"
36,WAREHOUSE,0,DOCK_STATUS,"dock=0 FREE dock=1 FREE dock=2 FREE"
36,WAREHOUSE,1,QUEUE,"length=0 trucks=[]"
36,WAREHOUSE,1,DOCK_STATUS,"dock=0 FREE dock=1 FREE dock=2 FREE"
36,WAREHOUSE,2,QUEUE,"length=0 trucks=[]"
36,WAREHOUSE,2,DOCK_STATUS,"dock=0 FREE"
36,WAREHOUSE,3,QUEUE,"length=0 trucks=[]"
36,WAREHOUSE,3,DOCK_STATUS,"dock=0 FREE dock=1 FREE"
36,WAREHOUSE,4,QUEUE,"length=0 trucks=[]"
36,WAREHOUSE,4,DOCK_STATUS,"dock=0 FREE dock=1 FREE"
36,TRUCK,0,MOVING,"pos=(40.24,51.24) heading to WH-2"
36,TRUCK,1,MOVING,"pos=(75.13,90.51) heading to WH-3"
36,TRUCK,2,MOVING,"pos=(71.04,13.09) heading to WH-3"
37,WAREHOUSE,0,QUEUE,"length=0 trucks=[]"
37,WAREHOUSE,0,DOCK_STATUS,"dock=0 FREE dock=1 FREE dock=2 FREE"
37,WAREHOUSE,1,QUEUE,"length=0 trucks=[]"
37,WAREHOUSE,1,DOCK_STATUS,"dock=0 FREE dock=1 FREE dock=2 FREE"
37,WAREHOUSE,2,QUEUE,"length=0 trucks=[]"
37,WAREHOUSE,2,DOCK_STATUS,"dock=0 FREE"
37,WAREHOUSE,3,QUEUE,"length=0 trucks=[]"
37,WAREHOUSE,3,DOCK_STATUS,"dock=0 FREE dock=1 FREE"
37,WAREHOUSE,4,QUEUE,"length=0 trucks=[]"
37,WAREHOUSE,4,DOCK_STATUS,"dock=0 FREE dock=1 FREE"
37,TRUCK,0,MOVING,"pos=(39.82,48.27) heading to WH-2"
37,TRUCK,1,MOVING,"pos=(75.59,94.48) heading to WH-3"
37,TRUCK,2,MOVING,"pos=(71.16,15.09) heading to WH-3"
38,WAREHOUSE,0,QUEUE,"length=0 trucks=[]"
38,WAREHOUSE,0,DOCK_STATUS,"dock=0 FREE dock=1 FREE dock=2 FREE"
38,WAREHOUSE,1,QUEUE,"length=0 trucks=[]"
38,WAREHOUSE,1,DOCK_STATUS,"dock=0 FREE dock=1 FREE dock=2 FREE"
38,WAREHOUSE,2,QUEUE,"length=0 trucks=[]"
38,WAREHOUSE,2,DOCK_STATUS,"dock=0 FREE"
38,WAREHOUSE,3,QUEUE,"length=0 trucks=[]"
38,WAREHOUSE,3,DOCK_STATUS,"dock=0 FREE dock=1 FREE"
38,WAREHOUSE,4,QUEUE,"length=0 trucks=[]"
38,WAREHOUSE,4,DOCK_STATUS,"dock=0 FREE dock=1 FREE"
38,TRUCK,0,MOVING,"pos=(39.40,45.30) heading to WH-2"
38,TRUCK,1,MOVING,"pos=(76.05,98.46) heading to WH-3"
38,TRUCK,2,MOVING,"pos=(71.28,17.09) heading to WH-3"
39,WAREHOUSE,0,QUEUE,"length=0 trucks=[]"
39,WAREHOUSE,0,DOCK_STATUS,"dock=0 FREE dock=1 FREE dock=2 FREE"
39,WAREHOUSE,1,QUEUE,"length=0 trucks=[]"
39,WAREHOUSE,1,DOCK_STATUS,"dock=0 FREE dock=1 FREE dock=2 FREE"
39,WAREHOUSE,2,QUEUE,"length=0 trucks=[]"
39,WAREHOUSE,2,DOCK_STATUS,"dock=0 FREE"
39,WAREHOUSE,3,QUEUE,"length=0 trucks=[]"
39,WAREHOUSE,3,DOCK_STATUS,"dock=0 FREE dock=1 FREE"
39,WAREHOUSE,4,QUEUE,"length=0 trucks=[]"
39,WAREHOUSE,4,DOCK_STATUS,"dock=0 FREE dock=1 FREE"
39,TRUCK,0,MOVING,"pos=(38.98,42.32) heading to WH-2"
39,TRUCK,1,WAITING,"queued at WH-3"
39,TRUCK,2,MOVING,"pos=(71.39,19.08) heading to WH-3"
40,WAREHOUSE,0,QUEUE,"length=0 trucks=[]"
40,WAREHOUSE,0,DOCK_STATUS,"dock=0 FREE dock=1 FREE dock=2 FREE"
40,WAREHOUSE,1,QUEUE,"length=0 trucks=[]"
40,WAREHOUSE,1,DOCK_STATUS,"dock=0 FREE dock=1 FREE dock=2 FREE"
40,WAREHOUSE,2,QUEUE,"length=0 trucks=[]"
40,WAREHOUSE,2,DOCK_STATUS,"dock=0 FREE"
40,WAREHOUSE,3,QUEUE,"length=0 trucks=[]"
40,WAREHOUSE,3,DOCK_STATUS,"dock=0 truck=1 dock=1 FREE"
40,WAREHOUSE,4,QUEUE,"length=0 trucks=[]"
40,WAREHOUSE,4,DOCK_STATUS,"dock=0 FREE dock=1 FREE"
40,TRUCK,0,MOVING,"pos=(38.56,39.35) heading to WH-2"
40,TRUCK,1,UNLOADING,"delivered shipment 2 at WH-3"
40,SHIPMENT,2,DELIVERED,"WH-0 to WH-3 pickup_hr=21 delivery_hr=40"
40,TRUCK,1,UNLOADING,"unloading at WH-3"
40,TRUCK,2,MOVING,"pos=(71.51,21.08) heading to WH-3"
41,WAREHOUSE,0,QUEUE,"length=0 trucks=[]"
41,WAREHOUSE,0,DOCK_STATUS,"dock=0 FREE dock=1 FREE dock=2 FREE"
41,WAREHOUSE,1,QUEUE,"length=0 trucks=[]"
41,WAREHOUSE,1,DOCK_STATUS,"dock=0 FREE dock=1 FREE dock=2 FREE"
41,WAREHOUSE,2,QUEUE,"length=0 trucks=[]"
41,WAREHOUSE,2,DOCK_STATUS,"dock=0 FREE"
41,WAREHOUSE,3,QUEUE,"length=0 trucks=[]"
41,WAREHOUSE,3,DOCK_STATUS,"dock=0 truck=1 dock=1 FREE"
41,WAREHOUSE,4,QUEUE,"length=0 trucks=[]"
41,WAREHOUSE,4,DOCK_STATUS,"dock=0 FREE dock=1 FREE"
41,TRUCK,0,MOVING,"pos=(38.14,36.38) heading to WH-2"
41,TRUCK,1,UNLOADING,"delivered shipment 3 at WH-3"
41,SHIPMENT,3,DELIVERED,"WH-0 to WH-3 pickup_hr=20 delivery_hr=41"
41,TRUCK,1,IDLE,"manifest_remaining=0 cargo=0"
41,TRUCK,2,MOVING,"pos=(71.63,23.08) heading to WH-3"
42,WAREHOUSE,0,QUEUE,"length=0 trucks=[]"
42,WAREHOUSE,0,DOCK_STATUS,"dock=0 FREE dock=1 FREE dock=2 FREE"
42,WAREHOUSE,1,QUEUE,"length=0 trucks=[]"
42,WAREHOUSE,1,DOCK_STATUS,"dock=0 FREE dock=1 FREE dock=2 FREE"
42,WAREHOUSE,2,QUEUE,"length=0 trucks=[]"
42,WAREHOUSE,2,DOCK_STATUS,"dock=0 FREE"
42,WAREHOUSE,3,QUEUE,"length=0 trucks=[]"
42,WAREHOUSE,3,DOCK_STATUS,"dock=0 FREE dock=1 FREE"
42,WAREHOUSE,4,QUEUE,"length=0 trucks=[]"
42,WAREHOUSE,4,DOCK_STATUS,"dock=0 FREE dock=1 FREE"
42,TRUCK,0,MOVING,"pos=(37.72,33.41) heading to WH-2"
42,TRUCK,1,IDLE,"manifest_remaining=0 cargo=0"
42,TRUCK,2,MOVING,"pos=(71.75,25.07) heading to WH-3"
43,WAREHOUSE,0,QUEUE,"length=0 trucks=[]"
43,WAREHOUSE,0,DOCK_STATUS,"dock=0 FREE dock=1 FREE dock=2 FREE"
43,WAREHOUSE,1,QUEUE,"length=0 trucks=[]"
43,WAREHOUSE,1,DOCK_STATUS,"dock=0 FREE dock=1 FREE dock=2 FREE"
43,WAREHOUSE,2,QUEUE,"length=0 trucks=[]"
43,WAREHOUSE,2,DOCK_STATUS,"dock=0 FREE"
43,WAREHOUSE,3,QUEUE,"length=0 trucks=[]"
43,WAREHOUSE,3,DOCK_STATUS,"dock=0 FREE dock=1 FREE"
43,WAREHOUSE,4,QUEUE,"length=0 trucks=[]"
43,WAREHOUSE,4,DOCK_STATUS,"dock=0 FREE dock=1 FREE"
43,TRUCK,0,MOVING,"pos=(37.30,30.44) heading to WH-2"
43,TRUCK,1,IDLE,"manifest_remaining=0 cargo=0"
43,TRUCK,2,MOVING,"pos=(71.87,27.07) heading to WH-3"
44,WAREHOUSE,0,QUEUE,"length=0 trucks=[]"
44,WAREHOUSE,0,DOCK_STATUS,"dock=0 FREE dock=1 FREE dock=2 FREE"
44,WAREHOUSE,1,QUEUE,"length=0 trucks=[]"
44,WAREHOUSE,1,DOCK_STATUS,"dock=0 FREE dock=1 FREE dock=2 FREE"
44,WAREHOUSE,2,QUEUE,"length=0 trucks=[]"
44,WAREHOUSE,2,DOCK_STATUS,"dock=0 FREE"
44,WAREHOUSE,3,QUEUE,"length=0 trucks=[]"
44,WAREHOUSE,3,DOCK_STATUS,"dock=0 FREE dock=1 FREE"
44,WAREHOUSE,4,QUEUE,"length=0 trucks=[]"
44,WAREHOUSE,4,DOCK_STATUS,"dock=0 FREE dock=1 FREE"
44,TRUCK,0,WAITING,"queued at WH-2"
44,TRUCK,1,IDLE,"manifest_remaining=0 cargo=0"
44,TRUCK,2,MOVING,"pos=(71.99,29.06) heading to WH-3"
45,WAREHOUSE,0,QUEUE,"length=0 trucks=[]"
45,WAREHOUSE,0,DOCK_STATUS,"dock=0 FREE dock=1 FREE dock=2 FREE"
45,WAREHOUSE,1,QUEUE,"length=0 trucks=[]"
45,WAREHOUSE,1,DOCK_STATUS,"dock=0 FREE dock=1 FREE dock=2 FREE"
45,WAREHOUSE,2,QUEUE,"length=0 trucks=[]"
45,WAREHOUSE,2,DOCK_STATUS,"dock=0 truck=0"
45,WAREHOUSE,3,QUEUE,"length=0 trucks=[]"
45,WAREHOUSE,3,DOCK_STATUS,"dock=0 FREE dock=1 FREE"
45,WAREHOUSE,4,QUEUE,"length=0 trucks=[]"
45,WAREHOUSE,4,DOCK_STATUS,"dock=0 FREE dock=1 FREE"
45,TRUCK,0,UNLOADING,"delivered shipment 1 at WH-2"
45,SHIPMENT,1,DELIVERED,"WH-0 to WH-2 pickup_hr=9 delivery_hr=45"
45,TRUCK,0,IDLE,"manifest_remaining=0 cargo=0"
45,TRUCK,1,IDLE,"manifest_remaining=0 cargo=0"
45,TRUCK,2,MOVING,"pos=(72.11,31.06) heading to WH-3"
46,WAREHOUSE,0,QUEUE,"length=0 trucks=[]"
46,WAREHOUSE,0,DOCK_STATUS,"dock=0 FREE dock=1 FREE dock=2 FREE"
46,WAREHOUSE,1,QUEUE,"length=0 trucks=[]"
46,WAREHOUSE,1,DOCK_STATUS,"dock=0 FREE dock=1 FREE dock=2 FREE"
46,WAREHOUSE,2,QUEUE,"length=0 trucks=[]"
46,WAREHOUSE,2,DOCK_STATUS,"dock=0 FREE"
46,WAREHOUSE,3,QUEUE,"length=0 trucks=[]"
46,WAREHOUSE,3,DOCK_STATUS,"dock=0 FREE dock=1 FREE"
46,WAREHOUSE,4,QUEUE,"length=0 trucks=[]"
46,WAREHOUSE,4,DOCK_STATUS,"dock=0 FREE dock=1 FREE"
46,TRUCK,0,IDLE,"manifest_remaining=0 cargo=0"
46,TRUCK,1,IDLE,"manifest_remaining=0 cargo=0"
46,TRUCK,2,MOVING,"pos=(72.23,33.06) heading to WH-3"
47,WAREHOUSE,0,QUEUE,"length=0 trucks=[]"
47,WAREHOUSE,0,DOCK_STATUS,"dock=0 FREE dock=1 FREE dock=2 FREE"
47,WAREHOUSE,1,QUEUE,"length=0 trucks=[]"
47,WAREHOUSE,1,DOCK_STATUS,"dock=0 FREE dock=1 FREE dock=2 FREE"
47,WAREHOUSE,2,QUEUE,"length=0 trucks=[]"
47,WAREHOUSE,2,DOCK_STATUS,"dock=0 FREE"
47,WAREHOUSE,3,QUEUE,"length=0 trucks=[]"
47,WAREHOUSE,3,DOCK_STATUS,"dock=0 FREE dock=1 FREE"
47,WAREHOUSE,4,QUEUE,"length=0 trucks=[]"
47,WAREHOUSE,4,DOCK_STATUS,"dock=0 FREE dock=1 FREE"
47,TRUCK,0,IDLE,"manifest_remaining=0 cargo=0"
47,TRUCK,1,IDLE,"manifest_remaining=0 cargo=0"
47,TRUCK,2,MOVING,"pos=(72.35,35.05) heading to WH-3"
48,WAREHOUSE,0,QUEUE,"length=0 trucks=[]"
48,WAREHOUSE,0,DOCK_STATUS,"dock=0 FREE dock=1 FREE dock=2 FREE"
48,WAREHOUSE,1,QUEUE,"length=0 trucks=[]"
48,WAREHOUSE,1,DOCK_STATUS,"dock=0 FREE dock=1 FREE dock=2 FREE"
48,WAREHOUSE,2,QUEUE,"length=0 trucks=[]"
48,WAREHOUSE,2,DOCK_STATUS,"dock=0 FREE"
48,WAREHOUSE,3,QUEUE,"length=0 trucks=[]"
48,WAREHOUSE,3,DOCK_STATUS,"dock=0 FREE dock=1 FREE"
48,WAREHOUSE,4,QUEUE,"length=0 trucks=[]"
48,WAREHOUSE,4,DOCK_STATUS,"dock=0 FREE dock=1 FREE"
48,TRUCK,0,IDLE,"manifest_remaining=0 cargo=0"
48,TRUCK,1,IDLE,"manifest_remaining=0 cargo=0"
48,TRUCK,2,MOVING,"pos=(72.46,37.05) heading to WH-3"
49,WAREHOUSE,0,QUEUE,"length=0 trucks=[]"
49,WAREHOUSE,0,DOCK_STATUS,"dock=0 FREE dock=1 FREE dock=2 FREE"
49,WAREHOUSE,1,QUEUE,"length=0 trucks=[]"
49,WAREHOUSE,1,DOCK_STATUS,"dock=0 FREE dock=1 FREE dock=2 FREE"
49,WAREHOUSE,2,QUEUE,"length=0 trucks=[]"
49,WAREHOUSE,2,DOCK_STATUS,"dock=0 FREE"
49,WAREHOUSE,3,QUEUE,"length=0 trucks=[]"
49,WAREHOUSE,3,DOCK_STATUS,"dock=0 FREE dock=1 FREE"
49,WAREHOUSE,4,QUEUE,"length=0 trucks=[]"
49,WAREHOUSE,4,DOCK_STATUS,"dock=0 FREE dock=1 FREE"
49,TRUCK,0,IDLE,"manifest_remaining=0 cargo=0"
49,TRUCK,1,IDLE,"manifest_remaining=0 cargo=0"
49,TRUCK,2,MOVING,"pos=(72.58,39.05) heading to WH-3"
50,WAREHOUSE,0,QUEUE,"length=0 trucks=[]"
50,WAREHOUSE,0,DOCK_STATUS,"dock=0 FREE dock=1 FREE dock=2 FREE"
50,WAREHOUSE,1,QUEUE,"length=0 trucks=[]"
50,WAREHOUSE,1,DOCK_STATUS,"dock=0 FREE dock=1 FREE dock=2 FREE"
50,WAREHOUSE,2,QUEUE,"length=0 trucks=[]"
50,WAREHOUSE,2,DOCK_STATUS,"dock=0 FREE"
50,WAREHOUSE,3,QUEUE,"length=0 trucks=[]"
50,WAREHOUSE,3,DOCK_STATUS,"dock=0 FREE dock=1 FREE"
50,WAREHOUSE,4,QUEUE,"length=0 trucks=[]"
50,WAREHOUSE,4,DOCK_STATUS,"dock=0 FREE dock=1 FREE"
50,TRUCK,0,IDLE,"manifest_remaining=0 cargo=0"
50,TRUCK,1,IDLE,"manifest_remaining=0 cargo=0"
50,TRUCK,2,MOVING,"pos=(72.70,41.04) heading to WH-3"
51,WAREHOUSE,0,QUEUE,"length=0 trucks=[]"
51,WAREHOUSE,0,DOCK_STATUS,"dock=0 FREE dock=1 FREE dock=2 FREE"
51,WAREHOUSE,1,QUEUE,"length=0 trucks=[]"
51,WAREHOUSE,1,DOCK_STATUS,"dock=0 FREE dock=1 FREE dock=2 FREE"
51,WAREHOUSE,2,QUEUE,"length=0 trucks=[]"
51,WAREHOUSE,2,DOCK_STATUS,"dock=0 FREE"
51,WAREHOUSE,3,QUEUE,"length=0 trucks=[]"
51,WAREHOUSE,3,DOCK_STATUS,"dock=0 FREE dock=1 FREE"
51,WAREHOUSE,4,QUEUE,"length=0 trucks=[]"
51,WAREHOUSE,4,DOCK_STATUS,"dock=0 FREE dock=1 FREE"
51,TRUCK,0,IDLE,"manifest_remaining=0 cargo=0"
51,TRUCK,1,IDLE,"manifest_remaining=0 cargo=0"
51,TRUCK,2,MOVING,"pos=(72.82,43.04) heading to WH-3"
52,WAREHOUSE,0,QUEUE,"length=0 trucks=[]"
52,WAREHOUSE,0,DOCK_STATUS,"dock=0 FREE dock=1 FREE dock=2 FREE"
52,WAREHOUSE,1,QUEUE,"length=0 trucks=[]"
52,WAREHOUSE,1,DOCK_STATUS,"dock=0 FREE dock=1 FREE dock=2 FREE"
52,WAREHOUSE,2,QUEUE,"length=0 trucks=[]"
52,WAREHOUSE,2,DOCK_STATUS,"dock=0 FREE"
52,WAREHOUSE,3,QUEUE,"length=0 trucks=[]"
52,WAREHOUSE,3,DOCK_STATUS,"dock=0 FREE dock=1 FREE"
52,WAREHOUSE,4,QUEUE,"length=0 trucks=[]"
52,WAREHOUSE,4,DOCK_STATUS,"dock=0 FREE dock=1 FREE"
52,TRUCK,0,IDLE,"manifest_remaining=0 cargo=0"
52,TRUCK,1,IDLE,"manifest_remaining=0 cargo=0"
52,TRUCK,2,MOVING,"pos=(72.94,45.04) heading to WH-3"
53,WAREHOUSE,0,QUEUE,"length=0 trucks=[]"
53,WAREHOUSE,0,DOCK_STATUS,"dock=0 FREE dock=1 FREE dock=2 FREE"
53,WAREHOUSE,1,QUEUE,"length=0 trucks=[]"
53,WAREHOUSE,1,DOCK_STATUS,"dock=0 FREE dock=1 FREE dock=2 FREE"
53,WAREHOUSE,2,QUEUE,"length=0 trucks=[]"
53,WAREHOUSE,2,DOCK_STATUS,"dock=0 FREE"
53,WAREHOUSE,3,QUEUE,"length=0 trucks=[]"
53,WAREHOUSE,3,DOCK_STATUS,"dock=0 FREE dock=1 FREE"
53,WAREHOUSE,4,QUEUE,"length=0 trucks=[]"
53,WAREHOUSE,4,DOCK_STATUS,"dock=0 FREE dock=1 FREE"
53,TRUCK,0,IDLE,"manifest_remaining=0 cargo=0"
53,TRUCK,1,IDLE,"manifest_remaining=0 cargo=0"
53,TRUCK,2,MOVING,"pos=(73.06,47.03) heading to WH-3"
54,WAREHOUSE,0,QUEUE,"length=0 trucks=[]"
54,WAREHOUSE,0,DOCK_STATUS,"dock=0 FREE dock=1 FREE dock=2 FREE"
54,WAREHOUSE,1,QUEUE,"length=0 trucks=[]"
54,WAREHOUSE,1,DOCK_STATUS,"dock=0 FREE dock=1 FREE dock=2 FREE"
54,WAREHOUSE,2,QUEUE,"length=0 trucks=[]"
54,WAREHOUSE,2,DOCK_STATUS,"dock=0 FREE"
54,WAREHOUSE,3,QUEUE,"length=0 trucks=[]"
54,WAREHOUSE,3,DOCK_STATUS,"dock=0 FREE dock=1 FREE"
54,WAREHOUSE,4,QUEUE,"length=0 trucks=[]"
54,WAREHOUSE,4,DOCK_STATUS,"dock=0 FREE dock=1 FREE"
54,TRUCK,0,IDLE,"manifest_remaining=0 cargo=0"
54,TRUCK,1,IDLE,"manifest_remaining=0 cargo=0"
54,TRUCK,2,MOVING,"pos=(73.18,49.03) heading to WH-3"
55,WAREHOUSE,0,QUEUE,"length=0 trucks=[]"
55,WAREHOUSE,0,DOCK_STATUS,"dock=0 FREE dock=1 FREE dock=2 FREE"
55,WAREHOUSE,1,QUEUE,"length=0 trucks=[]"
55,WAREHOUSE,1,DOCK_STATUS,"dock=0 FREE dock=1 FREE dock=2 FREE"
55,WAREHOUSE,2,QUEUE,"length=0 trucks=[]"
55,WAREHOUSE,2,DOCK_STATUS,"dock=0 FREE"
55,WAREHOUSE,3,QUEUE,"length=0 trucks=[]"
55,WAREHOUSE,3,DOCK_STATUS,"dock=0 FREE dock=1 FREE"
55,WAREHOUSE,4,QUEUE,"length=0 trucks=[]"
55,WAREHOUSE,4,DOCK_STATUS,"dock=0 FREE dock=1 FREE"
55,TRUCK,0,IDLE,"manifest_remaining=0 cargo=0"
55,TRUCK,1,IDLE,"manifest_remaining=0 cargo=0"
55,TRUCK,2,MOVING,"pos=(73.30,51.03) heading to WH-3"
56,WAREHOUSE,0,QUEUE,"length=0 trucks=[]"
56,WAREHOUSE,0,DOCK_STATUS,"dock=0 FREE dock=1 FREE dock=2 FREE"
56,WAREHOUSE,1,QUEUE,"length=0 trucks=[]"
56,WAREHOUSE,1,DOCK_STATUS,"dock=0 FREE dock=1 FREE dock=2 FREE"
56,WAREHOUSE,2,QUEUE,"length=0 trucks=[]"
56,WAREHOUSE,2,DOCK_STATUS,"dock=0 FREE"
56,WAREHOUSE,3,QUEUE,"length=0 trucks=[]"
56,WAREHOUSE,3,DOCK_STATUS,"dock=0 FREE dock=1 FREE"
56,WAREHOUSE,4,QUEUE,"length=0 trucks=[]"
56,WAREHOUSE,4,DOCK_STATUS,"dock=0 FREE dock=1 FREE"
56,TRUCK,0,IDLE,"manifest_remaining=0 cargo=0"
56,TRUCK,1,IDLE,"manifest_remaining=0 cargo=0"
56,TRUCK,2,MOVING,"pos=(73.41,53.02) heading to WH-3"
57,WAREHOUSE,0,QUEUE,"length=0 trucks=[]"
57,WAREHOUSE,0,DOCK_STATUS,"dock=0 FREE dock=1 FREE dock=2 FREE"
57,WAREHOUSE,1,QUEUE,"length=0 trucks=[]"
57,WAREHOUSE,1,DOCK_STATUS,"dock=0 FREE dock=1 FREE dock=2 FREE"
57,WAREHOUSE,2,QUEUE,"length=0 trucks=[]"
57,WAREHOUSE,2,DOCK_STATUS,"dock=0 FREE"
57,WAREHOUSE,3,QUEUE,"length=0 trucks=[]"
57,WAREHOUSE,3,DOCK_STATUS,"dock=0 FREE dock=1 FREE"
57,WAREHOUSE,4,QUEUE,"length=0 trucks=[]"
57,WAREHOUSE,4,DOCK_STATUS,"dock=0 FREE dock=1 FREE"
57,TRUCK,0,IDLE,"manifest_remaining=0 cargo=0"
57,TRUCK,1,IDLE,"manifest_remaining=0 cargo=0"
57,TRUCK,2,MOVING,"pos=(73.53,55.02) heading to WH-3"
58,WAREHOUSE,0,QUEUE,"length=0 trucks=[]"
58,WAREHOUSE,0,DOCK_STATUS,"dock=0 FREE dock=1 FREE dock=2 FREE"
58,WAREHOUSE,1,QUEUE,"length=0 trucks=[]"
58,WAREHOUSE,1,DOCK_STATUS,"dock=0 FREE dock=1 FREE dock=2 FREE"
58,WAREHOUSE,2,QUEUE,"length=0 trucks=[]"
58,WAREHOUSE,2,DOCK_STATUS,"dock=0 FREE"
58,WAREHOUSE,3,QUEUE,"length=0 trucks=[]"
58,WAREHOUSE,3,DOCK_STATUS,"dock=0 FREE dock=1 FREE"
58,WAREHOUSE,4,QUEUE,"length=0 trucks=[]"
58,WAREHOUSE,4,DOCK_STATUS,"dock=0 FREE dock=1 FREE"
58,TRUCK,0,IDLE,"manifest_remaining=0 cargo=0"
58,TRUCK,1,IDLE,"manifest_remaining=0 cargo=0"
58,TRUCK,2,MOVING,"pos=(73.65,57.02) heading to WH-3"
59,WAREHOUSE,0,QUEUE,"length=0 trucks=[]"
59,WAREHOUSE,0,DOCK_STATUS,"dock=0 FREE dock=1 FREE dock=2 FREE"
59,WAREHOUSE,1,QUEUE,"length=0 trucks=[]"
59,WAREHOUSE,1,DOCK_STATUS,"dock=0 FREE dock=1 FREE dock=2 FREE"
59,WAREHOUSE,2,QUEUE,"length=0 trucks=[]"
59,WAREHOUSE,2,DOCK_STATUS,"dock=0 FREE"
59,WAREHOUSE,3,QUEUE,"length=0 trucks=[]"
59,WAREHOUSE,3,DOCK_STATUS,"dock=0 FREE dock=1 FREE"
59,WAREHOUSE,4,QUEUE,"length=0 trucks=[]"
59,WAREHOUSE,4,DOCK_STATUS,"dock=0 FREE dock=1 FREE"
59,TRUCK,0,IDLE,"manifest_remaining=0 cargo=0"
59,TRUCK,1,IDLE,"manifest_remaining=0 cargo=0"
59,TRUCK,2,MOVING,"pos=(73.77,59.01) heading to WH-3"
60,WAREHOUSE,0,QUEUE,"length=0 trucks=[]"
60,WAREHOUSE,0,DOCK_STATUS,"dock=0 FREE dock=1 FREE dock=2 FREE"
60,WAREHOUSE,1,QUEUE,"length=0 trucks=[]"
60,WAREHOUSE,1,DOCK_STATUS,"dock=0 FREE dock=1 FREE dock=2 FREE"
60,WAREHOUSE,2,QUEUE,"length=0 trucks=[]"
60,WAREHOUSE,2,DOCK_STATUS,"dock=0 FREE"
60,WAREHOUSE,3,QUEUE,"length=0 trucks=[]"
60,WAREHOUSE,3,DOCK_STATUS,"dock=0 FREE dock=1 FREE"
60,WAREHOUSE,4,QUEUE,"length=0 trucks=[]"
60,WAREHOUSE,4,DOCK_STATUS,"dock=0 FREE dock=1 FREE"
60,TRUCK,0,IDLE,"manifest_remaining=0 cargo=0"
60,TRUCK,1,IDLE,"manifest_remaining=0 cargo=0"
60,TRUCK,2,MOVING,"pos=(73.89,61.01) heading to WH-3"
61,WAREHOUSE,0,QUEUE,"length=0 trucks=[]"
61,WAREHOUSE,0,DOCK_STATUS,"dock=0 FREE dock=1 FREE dock=2 FREE"
61,WAREHOUSE,1,QUEUE,"length=0 trucks=[]"
61,WAREHOUSE,1,DOCK_STATUS,"dock=0 FREE dock=1 FREE dock=2 FREE"
61,WAREHOUSE,2,QUEUE,"length=0 trucks=[]"
61,WAREHOUSE,2,DOCK_STATUS,"dock=0 FREE"
61,WAREHOUSE,3,QUEUE,"length=0 trucks=[]"
61,WAREHOUSE,3,DOCK_STATUS,"dock=0 FREE dock=1 FREE"
61,WAREHOUSE,4,QUEUE,"length=0 trucks=[]"
61,WAREHOUSE,4,DOCK_STATUS,"dock=0 FREE dock=1 FREE"
61,TRUCK,0,IDLE,"manifest_remaining=0 cargo=0"
61,TRUCK,1,IDLE,"manifest_remaining=0 cargo=0"
61,TRUCK,2,MOVING,"pos=(74.01,63.00) heading to WH-3"
62,WAREHOUSE,0,QUEUE,"length=0 trucks=[]"
62,WAREHOUSE,0,DOCK_STATUS,"dock=0 FREE dock=1 FREE dock=2 FREE"
62,WAREHOUSE,1,QUEUE,"length=0 trucks=[]"
62,WAREHOUSE,1,DOCK_STATUS,"dock=0 FREE dock=1 FREE dock=2 FREE"
62,WAREHOUSE,2,QUEUE,"length=0 trucks=[]"
62,WAREHOUSE,2,DOCK_STATUS,"dock=0 FREE"
62,WAREHOUSE,3,QUEUE,"length=0 trucks=[]"
62,WAREHOUSE,3,DOCK_STATUS,"dock=0 FREE dock=1 FREE"
62,WAREHOUSE,4,QUEUE,"length=0 trucks=[]"
62,WAREHOUSE,4,DOCK_STATUS,"dock=0 FREE dock=1 FREE"
62,TRUCK,0,IDLE,"manifest_remaining=0 cargo=0"
62,TRUCK,1,IDLE,"manifest_remaining=0 cargo=0"
62,TRUCK,2,MOVING,"pos=(74.13,65.00) heading to WH-3"
63,WAREHOUSE,0,QUEUE,"length=0 trucks=[]"
63,WAREHOUSE,0,DOCK_STATUS,"dock=0 FREE dock=1 FREE dock=2 FREE"
63,WAREHOUSE,1,QUEUE,"length=0 trucks=[]"
63,WAREHOUSE,1,DOCK_STATUS,"dock=0 FREE dock=1 FREE dock=2 FREE"
63,WAREHOUSE,2,QUEUE,"length=0 trucks=[]"
63,WAREHOUSE,2,DOCK_STATUS,"dock=0 FREE"
63,WAREHOUSE,3,QUEUE,"length=0 trucks=[]"
63,WAREHOUSE,3,DOCK_STATUS,"dock=0 FREE dock=1 FREE"
63,WAREHOUSE,4,QUEUE,"length=0 trucks=[]"
63,WAREHOUSE,4,DOCK_STATUS,"dock=0 FREE dock=1 FREE"
63,TRUCK,0,IDLE,"manifest_remaining=0 cargo=0"
63,TRUCK,1,IDLE,"manifest_remaining=0 cargo=0"
63,TRUCK,2,MOVING,"pos=(74.25,67.00) heading to WH-3"
64,WAREHOUSE,0,QUEUE,"length=0 trucks=[]"
64,WAREHOUSE,0,DOCK_STATUS,"dock=0 FREE dock=1 FREE dock=2 FREE"
64,WAREHOUSE,1,QUEUE,"length=0 trucks=[]"
64,WAREHOUSE,1,DOCK_STATUS,"dock=0 FREE dock=1 FREE dock=2 FREE"
64,WAREHOUSE,2,QUEUE,"length=0 trucks=[]"
64,WAREHOUSE,2,DOCK_STATUS,"dock=0 FREE"
64,WAREHOUSE,3,QUEUE,"length=0 trucks=[]"
64,WAREHOUSE,3,DOCK_STATUS,"dock=0 FREE dock=1 FREE"
64,WAREHOUSE,4,QUEUE,"length=0 trucks=[]"
64,WAREHOUSE,4,DOCK_STATUS,"dock=0 FREE dock=1 FREE"
64,TRUCK,0,IDLE,"manifest_remaining=0 cargo=0"
64,TRUCK,1,IDLE,"manifest_remaining=0 cargo=0"
64,TRUCK,2,MOVING,"pos=(74.37,68.99) heading to WH-3"
65,WAREHOUSE,0,QUEUE,"length=0 trucks=[]"
65,WAREHOUSE,0,DOCK_STATUS,"dock=0 FREE dock=1 FREE dock=2 FREE"
65,WAREHOUSE,1,QUEUE,"length=0 trucks=[]"
65,WAREHOUSE,1,DOCK_STATUS,"dock=0 FREE dock=1 FREE dock=2 FREE"
65,WAREHOUSE,2,QUEUE,"length=0 trucks=[]"
65,WAREHOUSE,2,DOCK_STATUS,"dock=0 FREE"
65,WAREHOUSE,3,QUEUE,"length=0 trucks=[]"
65,WAREHOUSE,3,DOCK_STATUS,"dock=0 FREE dock=1 FREE"
65,WAREHOUSE,4,QUEUE,"length=0 trucks=[]"
65,WAREHOUSE,4,DOCK_STATUS,"dock=0 FREE dock=1 FREE"
65,TRUCK,0,IDLE,"manifest_remaining=0 cargo=0"
65,TRUCK,1,IDLE,"manifest_remaining=0 cargo=0"
65,TRUCK,2,MOVING,"pos=(74.48,70.99) heading to WH-3"
66,WAREHOUSE,0,QUEUE,"length=0 trucks=[]"
66,WAREHOUSE,0,DOCK_STATUS,"dock=0 FREE dock=1 FREE dock=2 FREE"
66,WAREHOUSE,1,QUEUE,"length=0 trucks=[]"
66,WAREHOUSE,1,DOCK_STATUS,"dock=0 FREE dock=1 FREE dock=2 FREE"
66,WAREHOUSE,2,QUEUE,"length=0 trucks=[]"
66,WAREHOUSE,2,DOCK_STATUS,"dock=0 FREE"
66,WAREHOUSE,3,QUEUE,"length=0 trucks=[]"
66,WAREHOUSE,3,DOCK_STATUS,"dock=0 FREE dock=1 FREE"
66,WAREHOUSE,4,QUEUE,"length=0 trucks=[]"
66,WAREHOUSE,4,DOCK_STATUS,"dock=0 FREE dock=1 FREE"
66,TRUCK,0,IDLE,"manifest_remaining=0 cargo=0"
66,TRUCK,1,IDLE,"manifest_remaining=0 cargo=0"
66,TRUCK,2,MOVING,"pos=(74.60,72.99) heading to WH-3"
67,WAREHOUSE,0,QUEUE,"length=0 trucks=[]"
67,WAREHOUSE,0,DOCK_STATUS,"dock=0 FREE dock=1 FREE dock=2 FREE"
67,WAREHOUSE,1,QUEUE,"length=0 trucks=[]"
67,WAREHOUSE,1,DOCK_STATUS,"dock=0 FREE dock=1 FREE dock=2 FREE"
67,WAREHOUSE,2,QUEUE,"length=0 trucks=[]"
67,WAREHOUSE,2,DOCK_STATUS,"dock=0 FREE"
67,WAREHOUSE,3,QUEUE,"length=0 trucks=[]"
67,WAREHOUSE,3,DOCK_STATUS,"dock=0 FREE dock=1 FREE"
67,WAREHOUSE,4,QUEUE,"length=0 trucks=[]"
67,WAREHOUSE,4,DOCK_STATUS,"dock=0 FREE dock=1 FREE"
67,TRUCK,0,IDLE,"manifest_remaining=0 cargo=0"
67,TRUCK,1,IDLE,"manifest_remaining=0 cargo=0"
67,TRUCK,2,MOVING,"pos=(74.72,74.98) heading to WH-3"
68,WAREHOUSE,0,QUEUE,"length=0 trucks=[]"
68,WAREHOUSE,0,DOCK_STATUS,"dock=0 FREE dock=1 FREE dock=2 FREE"
68,WAREHOUSE,1,QUEUE,"length=0 trucks=[]"
68,WAREHOUSE,1,DOCK_STATUS,"dock=0 FREE dock=1 FREE dock=2 FREE"
68,WAREHOUSE,2,QUEUE,"length=0 trucks=[]"
68,WAREHOUSE,2,DOCK_STATUS,"dock=0 FREE"
68,WAREHOUSE,3,QUEUE,"length=0 trucks=[]"
68,WAREHOUSE,3,DOCK_STATUS,"dock=0 FREE dock=1 FREE"
68,WAREHOUSE,4,QUEUE,"length=0 trucks=[]"
68,WAREHOUSE,4,DOCK_STATUS,"dock=0 FREE dock=1 FREE"
68,TRUCK,0,IDLE,"manifest_remaining=0 cargo=0"
68,TRUCK,1,IDLE,"manifest_remaining=0 cargo=0"
68,TRUCK,2,MOVING,"pos=(74.84,76.98) heading to WH-3"
69,WAREHOUSE,0,QUEUE,"length=0 trucks=[]"
69,WAREHOUSE,0,DOCK_STATUS,"dock=0 FREE dock=1 FREE dock=2 FREE"
69,WAREHOUSE,1,QUEUE,"length=0 trucks=[]"
69,WAREHOUSE,1,DOCK_STATUS,"dock=0 FREE dock=1 FREE dock=2 FREE"
69,WAREHOUSE,2,QUEUE,"length=0 trucks=[]"
69,WAREHOUSE,2,DOCK_STATUS,"dock=0 FREE"
69,WAREHOUSE,3,QUEUE,"length=0 trucks=[]"
69,WAREHOUSE,3,DOCK_STATUS,"dock=0 FREE dock=1 FREE"
69,WAREHOUSE,4,QUEUE,"length=0 trucks=[]"
69,WAREHOUSE,4,DOCK_STATUS,"dock=0 FREE dock=1 FREE"
69,TRUCK,0,IDLE,"manifest_remaining=0 cargo=0"
69,TRUCK,1,IDLE,"manifest_remaining=0 cargo=0"
69,TRUCK,2,MOVING,"pos=(74.96,78.98) heading to WH-3"
70,WAREHOUSE,0,QUEUE,"length=0 trucks=[]"
70,WAREHOUSE,0,DOCK_STATUS,"dock=0 FREE dock=1 FREE dock=2 FREE"
70,WAREHOUSE,1,QUEUE,"length=0 trucks=[]"
70,WAREHOUSE,1,DOCK_STATUS,"dock=0 FREE dock=1 FREE dock=2 FREE"
70,WAREHOUSE,2,QUEUE,"length=0 trucks=[]"
70,WAREHOUSE,2,DOCK_STATUS,"dock=0 FREE"
70,WAREHOUSE,3,QUEUE,"length=0 trucks=[]"
70,WAREHOUSE,3,DOCK_STATUS,"dock=0 FREE dock=1 FREE"
70,WAREHOUSE,4,QUEUE,"length=0 trucks=[]"
70,WAREHOUSE,4,DOCK_STATUS,"dock=0 FREE dock=1 FREE"
70,TRUCK,0,IDLE,"manifest_remaining=0 cargo=0"
70,TRUCK,1,IDLE,"manifest_remaining=0 cargo=0"
70,TRUCK,2,MOVING,"pos=(75.08,80.97) heading to WH-3"
71,WAREHOUSE,0,QUEUE,"length=0 trucks=[]"
71,WAREHOUSE,0,DOCK_STATUS,"dock=0 FREE dock=1 FREE dock=2 FREE"
71,WAREHOUSE,1,QUEUE,"length=0 trucks=[]"
71,WAREHOUSE,1,DOCK_STATUS,"dock=0 FREE dock=1 FREE dock=2 FREE"
71,WAREHOUSE,2,QUEUE,"length=0 trucks=[]"
71,WAREHOUSE,2,DOCK_STATUS,"dock=0 FREE"
71,WAREHOUSE,3,QUEUE,"length=0 trucks=[]"
71,WAREHOUSE,3,DOCK_STATUS,"dock=0 FREE dock=1 FREE"
71,WAREHOUSE,4,QUEUE,"length=0 trucks=[]"
71,WAREHOUSE,4,DOCK_STATUS,"dock=0 FREE dock=1 FREE"
71,TRUCK,0,IDLE,"manifest_remaining=0 cargo=0"
71,TRUCK,1,IDLE,"manifest_remaining=0 cargo=0"
71,TRUCK,2,MOVING,"pos=(75.20,82.97) heading to WH-3"
72,WAREHOUSE,0,QUEUE,"length=0 trucks=[]"
72,WAREHOUSE,0,DOCK_STATUS,"dock=0 FREE dock=1 FREE dock=2 FREE"
72,WAREHOUSE,1,QUEUE,"length=0 trucks=[]"
72,WAREHOUSE,1,DOCK_STATUS,"dock=0 FREE dock=1 FREE dock=2 FREE"
72,WAREHOUSE,2,QUEUE,"length=0 trucks=[]"
72,WAREHOUSE,2,DOCK_STATUS,"dock=0 FREE"
72,WAREHOUSE,3,QUEUE,"length=0 trucks=[]"
72,WAREHOUSE,3,DOCK_STATUS,"dock=0 FREE dock=1 FREE"
72,WAREHOUSE,4,QUEUE,"length=0 trucks=[]"
72,WAREHOUSE,4,DOCK_STATUS,"dock=0 FREE dock=1 FREE"
72,TRUCK,0,IDLE,"manifest_remaining=0 cargo=0"
72,TRUCK,1,IDLE,"manifest_remaining=0 cargo=0"
72,TRUCK,2,MOVING,"pos=(75.32,84.97) heading to WH-3"
73,WAREHOUSE,0,QUEUE,"length=0 trucks=[]"
73,WAREHOUSE,0,DOCK_STATUS,"dock=0 FREE dock=1 FREE dock=2 FREE"
73,WAREHOUSE,1,QUEUE,"length=0 trucks=[]"
73,WAREHOUSE,1,DOCK_STATUS,"dock=0 FREE dock=1 FREE dock=2 FREE"
73,WAREHOUSE,2,QUEUE,"length=0 trucks=[]"
73,WAREHOUSE,2,DOCK_STATUS,"dock=0 FREE"
73,WAREHOUSE,3,QUEUE,"length=0 trucks=[]"
73,WAREHOUSE,3,DOCK_STATUS,"dock=0 FREE dock=1 FREE"
73,WAREHOUSE,4,QUEUE,"length=0 trucks=[]"
73,WAREHOUSE,4,DOCK_STATUS,"dock=0 FREE dock=1 FREE"
73,TRUCK,0,IDLE,"manifest_remaining=0 cargo=0"
73,TRUCK,1,IDLE,"manifest_remaining=0 cargo=0"
73,TRUCK,2,MOVING,"pos=(75.44,86.96) heading to WH-3"
74,WAREHOUSE,0,QUEUE,"length=0 trucks=[]"
74,WAREHOUSE,0,DOCK_STATUS,"dock=0 FREE dock=1 FREE dock=2 FREE"
74,WAREHOUSE,1,QUEUE,"length=0 trucks=[]"
74,WAREHOUSE,1,DOCK_STATUS,"dock=0 FREE dock=1 FREE dock=2 FREE"
74,WAREHOUSE,2,QUEUE,"length=0 trucks=[]"
74,WAREHOUSE,2,DOCK_STATUS,"dock=0 FREE"
74,WAREHOUSE,3,QUEUE,"length=0 trucks=[]"
74,WAREHOUSE,3,DOCK_STATUS,"dock=0 FREE dock=1 FREE"
74,WAREHOUSE,4,QUEUE,"length=0 trucks=[]"
74,WAREHOUSE,4,DOCK_STATUS,"dock=0 FREE dock=1 FREE"
74,TRUCK,0,IDLE,"manifest_remaining=0 cargo=0"
74,TRUCK,1,IDLE,"manifest_remaining=0 cargo=0"
74,TRUCK,2,MOVING,"pos=(75.55,88.96) heading to WH-3"
75,WAREHOUSE,0,QUEUE,"length=0 trucks=[]"
75,WAREHOUSE,0,DOCK_STATUS,"dock=0 FREE dock=1 FREE dock=2 FREE"
75,WAREHOUSE,1,QUEUE,"length=0 trucks=[]"
75,WAREHOUSE,1,DOCK_STATUS,"dock=0 FREE dock=1 FREE dock=2 FREE"
75,WAREHOUSE,2,QUEUE,"length=0 trucks=[]"
75,WAREHOUSE,2,DOCK_STATUS,"dock=0 FREE"
75,WAREHOUSE,3,QUEUE,"length=0 trucks=[]"
75,WAREHOUSE,3,DOCK_STATUS,"dock=0 FREE dock=1 FREE"
75,WAREHOUSE,4,QUEUE,"length=0 trucks=[]"
75,WAREHOUSE,4,DOCK_STATUS,"dock=0 FREE dock=1 FREE"
75,TRUCK,0,IDLE,"manifest_remaining=0 cargo=0"
75,TRUCK,1,IDLE,"manifest_remaining=0 cargo=0"
75,TRUCK,2,MOVING,"pos=(75.67,90.96) heading to WH-3"
76,WAREHOUSE,0,QUEUE,"length=0 trucks=[]"
76,WAREHOUSE,0,DOCK_STATUS,"dock=0 FREE dock=1 FREE dock=2 FREE"
76,WAREHOUSE,1,QUEUE,"length=0 trucks=[]"
76,WAREHOUSE,1,DOCK_STATUS,"dock=0 FREE dock=1 FREE dock=2 FREE"
76,WAREHOUSE,2,QUEUE,"length=0 trucks=[]"
76,WAREHOUSE,2,DOCK_STATUS,"dock=0 FREE"
76,WAREHOUSE,3,QUEUE,"length=0 trucks=[]"
76,WAREHOUSE,3,DOCK_STATUS,"dock=0 FREE dock=1 FREE"
76,WAREHOUSE,4,QUEUE,"length=0 trucks=[]"
76,WAREHOUSE,4,DOCK_STATUS,"dock=0 FREE dock=1 FREE"
76,TRUCK,0,IDLE,"manifest_remaining=0 cargo=0"
76,TRUCK,1,IDLE,"manifest_remaining=0 cargo=0"
76,TRUCK,2,MOVING,"pos=(75.79,92.95) heading to WH-3"
77,WAREHOUSE,0,QUEUE,"length=0 trucks=[]"
77,WAREHOUSE,0,DOCK_STATUS,"dock=0 FREE dock=1 FREE dock=2 FREE"
77,WAREHOUSE,1,QUEUE,"length=0 trucks=[]"
77,WAREHOUSE,1,DOCK_STATUS,"dock=0 FREE dock=1 FREE dock=2 FREE"
77,WAREHOUSE,2,QUEUE,"length=0 trucks=[]"
77,WAREHOUSE,2,DOCK_STATUS,"dock=0 FREE"
77,WAREHOUSE,3,QUEUE,"length=0 trucks=[]"
77,WAREHOUSE,3,DOCK_STATUS,"dock=0 FREE dock=1 FREE"
77,WAREHOUSE,4,QUEUE,"length=0 trucks=[]"
77,WAREHOUSE,4,DOCK_STATUS,"dock=0 FREE dock=1 FREE"
77,TRUCK,0,IDLE,"manifest_remaining=0 cargo=0"
77,TRUCK,1,IDLE,"manifest_remaining=0 cargo=0"
77,TRUCK,2,MOVING,"pos=(75.91,94.95) heading to WH-3"
78,WAREHOUSE,0,QUEUE,"length=0 trucks=[]"
78,WAREHOUSE,0,DOCK_STATUS,"dock=0 FREE dock=1 FREE dock=2 FREE"
78,WAREHOUSE,1,QUEUE,"length=0 trucks=[]"
78,WAREHOUSE,1,DOCK_STATUS,"dock=0 FREE dock=1 FREE dock=2 FREE"
78,WAREHOUSE,2,QUEUE,"length=0 trucks=[]"
78,WAREHOUSE,2,DOCK_STATUS,"dock=0 FREE"
78,WAREHOUSE,3,QUEUE,"length=0 trucks=[]"
78,WAREHOUSE,3,DOCK_STATUS,"dock=0 FREE dock=1 FREE"
78,WAREHOUSE,4,QUEUE,"length=0 trucks=[]"
78,WAREHOUSE,4,DOCK_STATUS,"dock=0 FREE dock=1 FREE"
78,TRUCK,0,IDLE,"manifest_remaining=0 cargo=0"
78,TRUCK,1,IDLE,"manifest_remaining=0 cargo=0"
78,TRUCK,2,MOVING,"pos=(76.03,96.94) heading to WH-3"
79,WAREHOUSE,0,QUEUE,"length=0 trucks=[]"
79,WAREHOUSE,0,DOCK_STATUS,"dock=0 FREE dock=1 FREE dock=2 FREE"
79,WAREHOUSE,1,QUEUE,"length=0 trucks=[]"
79,WAREHOUSE,1,DOCK_STATUS,"dock=0 FREE dock=1 FREE dock=2 FREE"
79,WAREHOUSE,2,QUEUE,"length=0 trucks=[]"
79,WAREHOUSE,2,DOCK_STATUS,"dock=0 FREE"
79,WAREHOUSE,3,QUEUE,"length=0 trucks=[]"
79,WAREHOUSE,3,DOCK_STATUS,"dock=0 FREE dock=1 FREE"
79,WAREHOUSE,4,QUEUE,"length=0 trucks=[]"
79,WAREHOUSE,4,DOCK_STATUS,"dock=0 FREE dock=1 FREE"
79,TRUCK,0,IDLE,"manifest_remaining=0 cargo=0"
79,TRUCK,1,IDLE,"manifest_remaining=0 cargo=0"
79,TRUCK,2,MOVING,"pos=(76.15,98.94) heading to WH-3"
80,WAREHOUSE,0,QUEUE,"length=0 trucks=[]"
80,WAREHOUSE,0,DOCK_STATUS,"dock=0 FREE dock=1 FREE dock=2 FREE"
80,WAREHOUSE,1,QUEUE,"length=0 trucks=[]"
80,WAREHOUSE,1,DOCK_STATUS,"dock=0 FREE dock=1 FREE dock=2 FREE"
80,WAREHOUSE,2,QUEUE,"length=0 trucks=[]"
80,WAREHOUSE,2,DOCK_STATUS,"dock=0 FREE"
80,WAREHOUSE,3,QUEUE,"length=0 trucks=[]"
80,WAREHOUSE,3,DOCK_STATUS,"dock=0 FREE dock=1 FREE"
80,WAREHOUSE,4,QUEUE,"length=0 trucks=[]"
80,WAREHOUSE,4,DOCK_STATUS,"dock=0 FREE dock=1 FREE"
80,TRUCK,0,IDLE,"manifest_remaining=0 cargo=0"
80,TRUCK,1,IDLE,"manifest_remaining=0 cargo=0"
80,TRUCK,2,WAITING,"queued at WH-3"
81,WAREHOUSE,0,QUEUE,"length=0 trucks=[]"
81,WAREHOUSE,0,DOCK_STATUS,"dock=0 FREE dock=1 FREE dock=2 FREE"
81,WAREHOUSE,1,QUEUE,"length=0 trucks=[]"
81,WAREHOUSE,1,DOCK_STATUS,"dock=0 FREE dock=1 FREE dock=2 FREE"
81,WAREHOUSE,2,QUEUE,"length=0 trucks=[]"
81,WAREHOUSE,2,DOCK_STATUS,"dock=0 FREE"
81,WAREHOUSE,3,QUEUE,"length=0 trucks=[]"
81,WAREHOUSE,3,DOCK_STATUS,"dock=0 truck=2 dock=1 FREE"
81,WAREHOUSE,4,QUEUE,"length=0 trucks=[]"
81,WAREHOUSE,4,DOCK_STATUS,"dock=0 FREE dock=1 FREE"
81,TRUCK,0,IDLE,"manifest_remaining=0 cargo=0"
81,TRUCK,1,IDLE,"manifest_remaining=0 cargo=0"
81,TRUCK,2,LOADING,"loaded shipment 4 size 1 at WH-3"
81,SHIPMENT,4,IN_TRANSIT,"WH-3 to WH-2"
81,TRUCK,2,MOVING,"pos=(76.20,99.80) heading to WH-2"
82,WAREHOUSE,0,QUEUE,"length=0 trucks=[]"
82,WAREHOUSE,0,DOCK_STATUS,"dock=0 FREE dock=1 FREE dock=2 FREE"
82,WAREHOUSE,1,QUEUE,"length=0 trucks=[]"
82,WAREHOUSE,1,DOCK_STATUS,"dock=0 FREE dock=1 FREE dock=2 FREE"
82,WAREHOUSE,2,QUEUE,"length=0 trucks=[]"
82,WAREHOUSE,2,DOCK_STATUS,"dock=0 FREE"
82,WAREHOUSE,3,QUEUE,"length=0 trucks=[]"
82,WAREHOUSE,3,DOCK_STATUS,"dock=0 FREE dock=1 FREE"
82,WAREHOUSE,4,QUEUE,"length=0 trucks=[]"
82,WAREHOUSE,4,DOCK_STATUS,"dock=0 FREE dock=1 FREE"
82,TRUCK,0,IDLE,"manifest_remaining=0 cargo=0"
82,TRUCK,1,IDLE,"manifest_remaining=0 cargo=0"
82,TRUCK,2,MOVING,"pos=(75.24,98.04) heading to WH-2"
83,WAREHOUSE,0,QUEUE,"length=0 trucks=[]"
83,WAREHOUSE,0,DOCK_STATUS,"dock=0 FREE dock=1 FREE dock=2 FREE"
83,WAREHOUSE,1,QUEUE,"length=0 trucks=[]"
83,WAREHOUSE,1,DOCK_STATUS,"dock=0 FREE dock=1 FREE dock=2 FREE"
83,WAREHOUSE,2,QUEUE,"length=0 trucks=[]"
83,WAREHOUSE,2,DOCK_STATUS,"dock=0 FREE"
83,WAREHOUSE,3,QUEUE,"length=0 trucks=[]"
83,WAREHOUSE,3,DOCK_STATUS,"dock=0 FREE dock=1 FREE"
83,WAREHOUSE,4,QUEUE,"length=0 trucks=[]"
83,WAREHOUSE,4,DOCK_STATUS,"dock=0 FREE dock=1 FREE"
83,TRUCK,0,IDLE,"manifest_remaining=0 cargo=0"
83,TRUCK,1,IDLE,"manifest_remaining=0 cargo=0"
83,TRUCK,2,MOVING,"pos=(74.29,96.29) heading to WH-2"
84,WAREHOUSE,0,QUEUE,"length=0 trucks=[]"
84,WAREHOUSE,0,DOCK_STATUS,"dock=0 FREE dock=1 FREE dock=2 FREE"
84,WAREHOUSE,1,QUEUE,"length=0 trucks=[]"
84,WAREHOUSE,1,DOCK_STATUS,"dock=0 FREE dock=1 FREE dock=2 FREE"
84,WAREHOUSE,2,QUEUE,"length=0 trucks=[]"
84,WAREHOUSE,2,DOCK_STATUS,"dock=0 FREE"
84,WAREHOUSE,3,QUEUE,"length=0 trucks=[]"
84,WAREHOUSE,3,DOCK_STATUS,"dock=0 FREE dock=1 FREE"
84,WAREHOUSE,4,QUEUE,"length=0 trucks=[]"
84,WAREHOUSE,4,DOCK_STATUS,"dock=0 FREE dock=1 FREE"
84,TRUCK,0,IDLE,"manifest_remaining=0 cargo=0"
84,TRUCK,1,IDLE,"manifest_remaining=0 cargo=0"
84,TRUCK,2,MOVING,"pos=(73.33,94.53) heading to WH-2"
85,WAREHOUSE,0,QUEUE,"length=0 trucks=[]"
85,WAREHOUSE,0,DOCK_STATUS,"dock=0 FREE dock=1 FREE dock=2 FREE"
85,WAREHOUSE,1,QUEUE,"length=0 trucks=[]"
85,WAREHOUSE,1,DOCK_STATUS,"dock=0 FREE dock=1 FREE dock=2 FREE"
85,WAREHOUSE,2,QUEUE,"length=0 trucks=[]"
85,WAREHOUSE,2,DOCK_STATUS,"dock=0 FREE"
85,WAREHOUSE,3,QUEUE,"length=0 trucks=[]"
85,WAREHOUSE,3,DOCK_STATUS,"dock=0 FREE dock=1 FREE"
85,WAREHOUSE,4,QUEUE,"length=0 trucks=[]"
85,WAREHOUSE,4,DOCK_STATUS,"dock=0 FREE dock=1 FREE"
85,TRUCK,0,IDLE,"manifest_remaining=0 cargo=0"
85,TRUCK,1,IDLE,"manifest_remaining=0 cargo=0"
85,TRUCK,2,MOVING,"pos=(72.38,92.77) heading to WH-2"
86,WAREHOUSE,0,QUEUE,"length=0 trucks=[]"
86,WAREHOUSE,0,DOCK_STATUS,"dock=0 FREE dock=1 FREE dock=2 FREE"
86,WAREHOUSE,1,QUEUE,"length=0 trucks=[]"
86,WAREHOUSE,1,DOCK_STATUS,"dock=0 FREE dock=1 FREE dock=2 FREE"
86,WAREHOUSE,2,QUEUE,"length=0 trucks=[]"
86,WAREHOUSE,2,DOCK_STATUS,"dock=0 FREE"
86,WAREHOUSE,3,QUEUE,"length=0 trucks=[]"
86,WAREHOUSE,3,DOCK_STATUS,"dock=0 FREE dock=1 FREE"
86,WAREHOUSE,4,QUEUE,"length=0 trucks=[]"
86,WAREHOUSE,4,DOCK_STATUS,"dock=0 FREE dock=1 FREE"
86,TRUCK,0,IDLE,"manifest_remaining=0 cargo=0"
86,TRUCK,1,IDLE,"manifest_remaining=0 cargo=0"
86,TRUCK,2,MOVING,"pos=(71.42,91.02) heading to WH-2"
87,WAREHOUSE,0,QUEUE,"length=0 trucks=[]"
87,WAREHOUSE,0,DOCK_STATUS,"dock=0 FREE dock=1 FREE dock=2 FREE"
87,WAREHOUSE,1,QUEUE,"length=0 trucks=[]"
87,WAREHOUSE,1,DOCK_STATUS,"dock=0 FREE dock=1 FREE dock=2 FREE"
87,WAREHOUSE,2,QUEUE,"length=0 trucks=[]"
87,WAREHOUSE,2,DOCK_STATUS,"dock=0 FREE"
87,WAREHOUSE,3,QUEUE,"length=0 trucks=[]"
87,WAREHOUSE,3,DOCK_STATUS,"dock=0 FREE dock=1 FREE"
87,WAREHOUSE,4,QUEUE,"length=0 trucks=[]"
87,WAREHOUSE,4,DOCK_STATUS,"dock=0 FREE dock=1 FREE"
87,TRUCK,0,IDLE,"manifest_remaining=0 cargo=0"
87,TRUCK,1,IDLE,"manifest_remaining=0 cargo=0"
87,TRUCK,2,MOVING,"pos=(70.46,89.26) heading to WH-2"
88,WAREHOUSE,0,QUEUE,"length=0 trucks=[]"
88,WAREHOUSE,0,DOCK_STATUS,"dock=0 FREE dock=1 FREE dock=2 FREE"
88,WAREHOUSE,1,QUEUE,"length=0 trucks=[]"
88,WAREHOUSE,1,DOCK_STATUS,"dock=0 FREE dock=1 FREE dock=2 FREE"
88,WAREHOUSE,2,QUEUE,"length=0 trucks=[]"
88,WAREHOUSE,2,DOCK_STATUS,"dock=0 FREE"
88,WAREHOUSE,3,QUEUE,"length=0 trucks=[]"
88,WAREHOUSE,3,DOCK_STATUS,"dock=0 FREE dock=1 FREE"
88,WAREHOUSE,4,QUEUE,"length=0 trucks=[]"
88,WAREHOUSE,4,DOCK_STATUS,"dock=0 FREE dock=1 FREE"
88,TRUCK,0,IDLE,"manifest_remaining=0 cargo=0"
88,TRUCK,1,IDLE,"manifest_remaining=0 cargo=0"
88,TRUCK,2,MOVING,"pos=(69.51,87.50) heading to WH-2"
89,WAREHOUSE,0,QUEUE,"length=0 trucks=[]"
89,WAREHOUSE,0,DOCK_STATUS,"dock=0 FREE dock=1 FREE dock=2 FREE"
89,WAREHOUSE,1,QUEUE,"length=0 trucks=[]"
89,WAREHOUSE,1,DOCK_STATUS,"dock=0 FREE dock=1 FREE dock=2 FREE"
89,WAREHOUSE,2,QUEUE,"length=0 trucks=[]"
89,WAREHOUSE,2,DOCK_STATUS,"dock=0 FREE"
89,WAREHOUSE,3,QUEUE,"length=0 trucks=[]"
89,WAREHOUSE,3,DOCK_STATUS,"dock=0 FREE dock=1 FREE"
89,WAREHOUSE,4,QUEUE,"length=0 trucks=[]"
89,WAREHOUSE,4,DOCK_STATUS,"dock=0 FREE dock=1 FREE"
89,TRUCK,0,IDLE,"manifest_remaining=0 cargo=0"
89,TRUCK,1,IDLE,"manifest_remaining=0 cargo=0"
89,TRUCK,2,MOVING,"pos=(68.55,85.75) heading to WH-2"
90,WAREHOUSE,0,QUEUE,"length=0 trucks=[]"
90,WAREHOUSE,0,DOCK_STATUS,"dock=0 FREE dock=1 FREE dock=2 FREE"
90,WAREHOUSE,1,QUEUE,"length=0 trucks=[]"
90,WAREHOUSE,1,DOCK_STATUS,"dock=0 FREE dock=1 FREE dock=2 FREE"
90,WAREHOUSE,2,QUEUE,"length=0 trucks=[]"
90,WAREHOUSE,2,DOCK_STATUS,"dock=0 FREE"
90,WAREHOUSE,3,QUEUE,"length=0 trucks=[]"
90,WAREHOUSE,3,DOCK_STATUS,"dock=0 FREE dock=1 FREE"
90,WAREHOUSE,4,QUEUE,"length=0 trucks=[]"
90,WAREHOUSE,4,DOCK_STATUS,"dock=0 FREE dock=1 FREE"
90,TRUCK,0,IDLE,"manifest_remaining=0 cargo=0"
90,TRUCK,1,IDLE,"manifest_remaining=0 cargo=0"
90,TRUCK,2,MOVING,"pos=(67.59,83.99) heading to WH-2"
91,WAREHOUSE,0,QUEUE,"length=0 trucks=[]"
91,WAREHOUSE,0,DOCK_STATUS,"dock=0 FREE dock=1 FREE dock=2 FREE"
91,WAREHOUSE,1,QUEUE,"length=0 trucks=[]"
91,WAREHOUSE,1,DOCK_STATUS,"dock=0 FREE dock=1 FREE dock=2 FREE"
91,WAREHOUSE,2,QUEUE,"length=0 trucks=[]"
91,WAREHOUSE,2,DOCK_STATUS,"dock=0 FREE"
91,WAREHOUSE,3,QUEUE,"length=0 trucks=[]"
91,WAREHOUSE,3,DOCK_STATUS,"dock=0 FREE dock=1 FREE"
91,WAREHOUSE,4,QUEUE,"length=0 trucks=[]"
91,WAREHOUSE,4,DOCK_STATUS,"dock=0 FREE dock=1 FREE"
91,TRUCK,0,IDLE,"manifest_remaining=0 cargo=0"
91,TRUCK,1,IDLE,"manifest_remaining=0 cargo=0"
91,TRUCK,2,MOVING,"pos=(66.64,82.23) heading to WH-2"
92,WAREHOUSE,0,QUEUE,"length=0 trucks=[]"
92,WAREHOUSE,0,DOCK_STATUS,"dock=0 FREE dock=1 FREE dock=2 FREE"
92,WAREHOUSE,1,QUEUE,"length=0 trucks=[]"
92,WAREHOUSE,1,DOCK_STATUS,"dock=0 FREE dock=1 FREE dock=2 FREE"
92,WAREHOUSE,2,QUEUE,"length=0 trucks=[]"
92,WAREHOUSE,2,DOCK_STATUS,"dock=0 FREE"
92,WAREHOUSE,3,QUEUE,"length=0 trucks=[]"
92,WAREHOUSE,3,DOCK_STATUS,"dock=0 FREE dock=1 FREE"
92,WAREHOUSE,4,QUEUE,"length=0 trucks=[]"
92,WAREHOUSE,4,DOCK_STATUS,"dock=0 FREE dock=1 FREE"
92,TRUCK,0,IDLE,"manifest_remaining=0 cargo=0"
92,TRUCK,1,IDLE,"manifest_remaining=0 cargo=0"
92,TRUCK,2,MOVING,"pos=(65.68,80.48) heading to WH-2"
93,WAREHOUSE,0,QUEUE,"length=0 trucks=[]"
93,WAREHOUSE,0,DOCK_STATUS,"dock=0 FREE dock=1 FREE dock=2 FREE"
93,WAREHOUSE,1,QUEUE,"length=0 trucks=[]"
93,WAREHOUSE,1,DOCK_STATUS,"dock=0 FREE dock=1 FREE dock=2 FREE"
93,WAREHOUSE,2,QUEUE,"length=0 trucks=[]"
93,WAREHOUSE,2,DOCK_STATUS,"dock=0 FREE"
93,WAREHOUSE,3,QUEUE,"length=0 trucks=[]"
93,WAREHOUSE,3,DOCK_STATUS,"dock=0 FREE dock=1 FREE"
93,WAREHOUSE,4,QUEUE,"length=0 trucks=[]"
93,WAREHOUSE,4,DOCK_STATUS,"dock=0 FREE dock=1 FREE"
93,TRUCK,0,IDLE,"manifest_remaining=0 cargo=0"
93,TRUCK,1,IDLE,"manifest_remaining=0 cargo=0"
93,TRUCK,2,MOVING,"pos=(64.73,78.72) heading to WH-2"
94,WAREHOUSE,0,QUEUE,"length=0 trucks=[]"
94,WAREHOUSE,0,DOCK_STATUS,"dock=0 FREE dock=1 FREE dock=2 FREE"
94,WAREHOUSE,1,QUEUE,"length=0 trucks=[]"
94,WAREHOUSE,1,DOCK_STATUS,"dock=0 FREE dock=1 FREE dock=2 FREE"
94,WAREHOUSE,2,QUEUE,"length=0 trucks=[]"
94,WAREHOUSE,2,DOCK_STATUS,"dock=0 FREE"
94,WAREHOUSE,3,QUEUE,"length=0 trucks=[]"
94,WAREHOUSE,3,DOCK_STATUS,"dock=0 FREE dock=1 FREE"
94,WAREHOUSE,4,QUEUE,"length=0 trucks=[]"
94,WAREHOUSE,4,DOCK_STATUS,"dock=0 FREE dock=1 FREE"
94,TRUCK,0,IDLE,"manifest_remaining=0 cargo=0"
94,TRUCK,1,IDLE,"manifest_remaining=0 cargo=0"
94,TRUCK,2,MOVING,"pos=(63.77,76.96) heading to WH-2"
95,WAREHOUSE,0,QUEUE,"length=0 trucks=[]"
95,WAREHOUSE,0,DOCK_STATUS,"dock=0 FREE dock=1 FREE dock=2 FREE"
95,WAREHOUSE,1,QUEUE,"length=0 trucks=[]"
95,WAREHOUSE,1,DOCK_STATUS,"dock=0 FREE dock=1 FREE dock=2 FREE"
95,WAREHOUSE,2,QUEUE,"length=0 trucks=[]"
95,WAREHOUSE,2,DOCK_STATUS,"dock=0 FREE"
95,WAREHOUSE,3,QUEUE,"length=0 trucks=[]"
95,WAREHOUSE,3,DOCK_STATUS,"dock=0 FREE dock=1 FREE"
95,WAREHOUSE,4,QUEUE,"length=0 trucks=[]"
95,WAREHOUSE,4,DOCK_STATUS,"dock=0 FREE dock=1 FREE"
95,TRUCK,0,IDLE,"manifest_remaining=0 cargo=0"
95,TRUCK,1,IDLE,"manifest_remaining=0 cargo=0"
95,TRUCK,2,MOVING,"pos=(62.81,75.21) heading to WH-2"
96,WAREHOUSE,0,QUEUE,"length=0 trucks=[]"
96,WAREHOUSE,0,DOCK_STATUS,"dock=0 FREE dock=1 FREE dock=2 FREE"
96,WAREHOUSE,1,QUEUE,"length=0 trucks=[]"
96,WAREHOUSE,1,DOCK_STATUS,"dock=0 FREE dock=1 FREE dock=2 FREE"
96,WAREHOUSE,2,QUEUE,"length=0 trucks=[]"
96,WAREHOUSE,2,DOCK_STATUS,"dock=0 FREE"
96,WAREHOUSE,3,QUEUE,"length=0 trucks=[]"
96,WAREHOUSE,3,DOCK_STATUS,"dock=0 FREE dock=1 FREE"
96,WAREHOUSE,4,QUEUE,"length=0 trucks=[]"
96,WAREHOUSE,4,DOCK_STATUS,"dock=0 FREE dock=1 FREE"
96,TRUCK,0,IDLE,"manifest_remaining=0 cargo=0"
96,TRUCK,1,IDLE,"manifest_remaining=0 cargo=0"
96,TRUCK,2,MOVING,"pos=(61.86,73.45) heading to WH-2"
97,WAREHOUSE,0,QUEUE,"length=0 trucks=[]"
97,WAREHOUSE,0,DOCK_STATUS,"dock=0 FREE dock=1 FREE dock=2 FREE"
97,WAREHOUSE,1,QUEUE,"length=0 trucks=[]"
97,WAREHOUSE,1,DOCK_STATUS,"dock=0 FREE dock=1 FREE dock=2 FREE"
97,WAREHOUSE,2,QUEUE,"length=0 trucks=[]"
97,WAREHOUSE,2,DOCK_STATUS,"dock=0 FREE"
97,WAREHOUSE,3,QUEUE,"length=0 trucks=[]"
97,WAREHOUSE,3,DOCK_STATUS,"dock=0 FREE dock=1 FREE"
97,WAREHOUSE,4,QUEUE,"length=0 trucks=[]"
97,WAREHOUSE,4,DOCK_STATUS,"dock=0 FREE dock=1 FREE"
97,TRUCK,0,IDLE,"manifest_remaining=0 cargo=0"
97,TRUCK,1,IDLE,"manifest_remaining=0 cargo=0"
97,TRUCK,2,MOVING,"pos=(60.90,71.69) heading to WH-2"
98,WAREHOUSE,0,QUEUE,"length=0 trucks=[]"
98,WAREHOUSE,0,DOCK_STATUS,"dock=0 FREE dock=1 FREE dock=2 FREE"
98,WAREHOUSE,1,QUEUE,"length=0 trucks=[]"
98,WAREHOUSE,1,DOCK_STATUS,"dock=0 FREE dock=1 FREE dock=2 FREE"
98,WAREHOUSE,2,QUEUE,"length=0 trucks=[]"
98,WAREHOUSE,2,DOCK_STATUS,"dock=0 FREE"
98,WAREHOUSE,3,QUEUE,"length=0 trucks=[]"
98,WAREHOUSE,3,DOCK_STATUS,"dock=0 FREE dock=1 FREE"
98,WAREHOUSE,4,QUEUE,"length=0 trucks=[]"
98,WAREHOUSE,4,DOCK_STATUS,"dock=0 FREE dock=1 FREE"
98,TRUCK,0,IDLE,"manifest_remaining=0 cargo=0"
98,TRUCK,1,IDLE,"manifest_remaining=0 cargo=0"
98,TRUCK,2,MOVING,"pos=(59.95,69.94) heading to WH-2"
99,WAREHOUSE,0,QUEUE,"length=0 trucks=[]"
99,WAREHOUSE,0,DOCK_STATUS,"dock=0 FREE dock=1 FREE dock=2 FREE"
99,WAREHOUSE,1,QUEUE,"length=0 trucks=[]"
99,WAREHOUSE,1,DOCK_STATUS,"dock=0 FREE dock=1 FREE dock=2 FREE"
99,WAREHOUSE,2,QUEUE,"length=0 trucks=[]"
99,WAREHOUSE,2,DOCK_STATUS,"dock=0 FREE"
99,WAREHOUSE,3,QUEUE,"length=0 trucks=[]"
99,WAREHOUSE,3,DOCK_STATUS,"dock=0 FREE dock=1 FREE"
99,WAREHOUSE,4,QUEUE,"length=0 trucks=[]"
99,WAREHOUSE,4,DOCK_STATUS,"dock=0 FREE dock=1 FREE"
99,TRUCK,0,IDLE,"manifest_remaining=0 cargo=0"
99,TRUCK,1,IDLE,"manifest_remaining=0 cargo=0"
99,TRUCK,2,MOVING,"pos=(58.99,68.18) heading to WH-2"
100,WAREHOUSE,0,QUEUE,"length=0 trucks=[]"
100,WAREHOUSE,0,DOCK_STATUS,"dock=0 FREE dock=1 FREE dock=2 FREE"
100,WAREHOUSE,1,QUEUE,"length=0 trucks=[]"
100,WAREHOUSE,1,DOCK_STATUS,"dock=0 FREE dock=1 FREE dock=2 FREE"
100,WAREHOUSE,2,QUEUE,"length=0 trucks=[]"
100,WAREHOUSE,2,DOCK_STATUS,"dock=0 FREE"
100,WAREHOUSE,3,QUEUE,"length=0 trucks=[]"
100,WAREHOUSE,3,DOCK_STATUS,"dock=0 FREE dock=1 FREE"
100,WAREHOUSE,4,QUEUE,"length=0 trucks=[]"
100,WAREHOUSE,4,DOCK_STATUS,"dock=0 FREE dock=1 FREE"
100,TRUCK,0,IDLE,"manifest_remaining=0 cargo=0"
100,TRUCK,1,IDLE,"manifest_remaining=0 cargo=0"
100,TRUCK,2,MOVING,"pos=(58.03,66.42) heading to WH-2"
101,WAREHOUSE,0,QUEUE,"length=0 trucks=[]"
101,WAREHOUSE,0,DOCK_STATUS,"dock=0 FREE dock=1 FREE dock=2 FREE"
101,WAREHOUSE,1,QUEUE,"length=0 trucks=[]"
101,WAREHOUSE,1,DOCK_STATUS,"dock=0 FREE dock=1 FREE dock=2 FREE"
101,WAREHOUSE,2,QUEUE,"length=0 trucks=[]"
101,WAREHOUSE,2,DOCK_STATUS,"dock=0 FREE"
101,WAREHOUSE,3,QUEUE,"length=0 trucks=[]"
101,WAREHOUSE,3,DOCK_STATUS,"dock=0 FREE dock=1 FREE"
101,WAREHOUSE,4,QUEUE,"length=0 trucks=[]"
101,WAREHOUSE,4,DOCK_STATUS,"dock=0 FREE dock=1 FREE"
101,TRUCK,0,IDLE,"manifest_remaining=0 cargo=0"
101,TRUCK,1,IDLE,"manifest_remaining=0 cargo=0"
101,TRUCK,2,MOVING,"pos=(57.08,64.67) heading to WH-2"
102,WAREHOUSE,0,QUEUE,"length=0 trucks=[]"
102,WAREHOUSE,0,DOCK_STATUS,"dock=0 FREE dock=1 FREE dock=2 FREE"
102,WAREHOUSE,1,QUEUE,"length=0 trucks=[]"
102,WAREHOUSE,1,DOCK_STATUS,"dock=0 FREE dock=1 FREE dock=2 FREE"
102,WAREHOUSE,2,QUEUE,"length=0 trucks=[]"
102,WAREHOUSE,2,DOCK_STATUS,"dock=0 FREE"
102,WAREHOUSE,3,QUEUE,"length=0 trucks=[]"
102,WAREHOUSE,3,DOCK_STATUS,"dock=0 FREE dock=1 FREE"
102,WAREHOUSE,4,QUEUE,"length=0 trucks=[]"
102,WAREHOUSE,4,DOCK_STATUS,"dock=0 FREE dock=1 FREE"
102,TRUCK,0,IDLE,"manifest_remaining=0 cargo=0"
102,TRUCK,1,IDLE,"manifest_remaining=0 cargo=0"
102,TRUCK,2,MOVING,"pos=(56.12,62.91) heading to WH-2"
103,WAREHOUSE,0,QUEUE,"length=0 trucks=[]"
103,WAREHOUSE,0,DOCK_STATUS,"dock=0 FREE dock=1 FREE dock=2 FREE"
103,WAREHOUSE,1,QUEUE,"length=0 trucks=[]"
103,WAREHOUSE,1,DOCK_STATUS,"dock=0 FREE dock=1 FREE dock=2 FREE"
103,WAREHOUSE,2,QUEUE,"length=0 trucks=[]"
103,WAREHOUSE,2,DOCK_STATUS,"dock=0 FREE"
103,WAREHOUSE,3,QUEUE,"length=0 trucks=[]"
103,WAREHOUSE,3,DOCK_STATUS,"dock=0 FREE dock=1 FREE"
103,WAREHOUSE,4,QUEUE,"length=0 trucks=[]"
103,WAREHOUSE,4,DOCK_STATUS,"dock=0 FREE dock=1 FREE"
103,TRUCK,0,IDLE,"manifest_remaining=0 cargo=0"
103,TRUCK,1,IDLE,"manifest_remaining=0 cargo=0"
103,TRUCK,2,MOVING,"pos=(55.16,61.15) heading to WH-2"
104,WAREHOUSE,0,QUEUE,"length=0 trucks=[]"
104,WAREHOUSE,0,DOCK_STATUS,"dock=0 FREE dock=1 FREE dock=2 FREE"
104,WAREHOUSE,1,QUEUE,"length=0 trucks=[]"
104,WAREHOUSE,1,DOCK_STATUS,"dock=0 FREE dock=1 FREE dock=2 FREE"
104,WAREHOUSE,2,QUEUE,"length=0 trucks=[]"
104,WAREHOUSE,2,DOCK_STATUS,"dock=0 FREE"
104,WAREHOUSE,3,QUEUE,"length=0 trucks=[]"
104,WAREHOUSE,3,DOCK_STATUS,"dock=0 FREE dock=1 FREE"
104,WAREHOUSE,4,QUEUE,"length=0 trucks=[]"
104,WAREHOUSE,4,DOCK_STATUS,"dock=0 FREE dock=1 FREE"
104,TRUCK,0,IDLE,"manifest_remaining=0 cargo=0"
104,TRUCK,1,IDLE,"manifest_remaining=0 cargo=0"
104,TRUCK,2,MOVING,"pos=(54.21,59.40) heading to WH-2"
105,WAREHOUSE,0,QUEUE,"length=0 trucks=[]"
105,WAREHOUSE,0,DOCK_STATUS,"dock=0 FREE dock=1 FREE dock=2 FREE"
105,WAREHOUSE,1,QUEUE,"length=0 trucks=[]"
105,WAREHOUSE,1,DOCK_STATUS,"dock=0 FREE dock=1 FREE dock=2 FREE"
105,WAREHOUSE,2,QUEUE,"length=0 trucks=[]"
105,WAREHOUSE,2,DOCK_STATUS,"dock=0 FREE"
105,WAREHOUSE,3,QUEUE,"length=0 trucks=[]"
105,WAREHOUSE,3,DOCK_STATUS,"dock=0 FREE dock=1 FREE"
105,WAREHOUSE,4,QUEUE,"length=0 trucks=[]"
105,WAREHOUSE,4,DOCK_STATUS,"dock=0 FREE dock=1 FREE"
105,TRUCK,0,IDLE,"manifest_remaining=0 cargo=0"
105,TRUCK,1,IDLE,"manifest_remaining=0 cargo=0"
105,TRUCK,2,MOVING,"pos=(53.25,57.64) heading to WH-2"
106,WAREHOUSE,0,QUEUE,"length=0 trucks=[]"
106,WAREHOUSE,0,DOCK_STATUS,"dock=0 FREE dock=1 FREE dock=2 FREE"
106,WAREHOUSE,1,QUEUE,"length=0 trucks=[]"
106,WAREHOUSE,1,DOCK_STATUS,"dock=0 FREE dock=1 FREE dock=2 FREE"
106,WAREHOUSE,2,QUEUE,"length=0 trucks=[]"
106,WAREHOUSE,2,DOCK_STATUS,"dock=0 FREE"
106,WAREHOUSE,3,QUEUE,"length=0 trucks=[]"
106,WAREHOUSE,3,DOCK_STATUS,"dock=0 FREE dock=1 FREE"
106,WAREHOUSE,4,QUEUE,"length=0 trucks=[]"
106,WAREHOUSE,4,DOCK_STATUS,"dock=0 FREE dock=1 FREE"
106,TRUCK,0,IDLE,"manifest_remaining=0 cargo=0"
106,TRUCK,1,IDLE,"manifest_remaining=0 cargo=0"
106,TRUCK,2,MOVING,"pos=(52.30,55.88) heading to WH-2"
107,WAREHOUSE,0,QUEUE,"length=0 trucks=[]"
107,WAREHOUSE,0,DOCK_STATUS,"dock=0 FREE dock=1 FREE dock=2 FREE"
107,WAREHOUSE,1,QUEUE,"length=0 trucks=[]"
107,WAREHOUSE,1,DOCK_STATUS,"dock=0 FREE dock=1 FREE dock=2 FREE"
107,WAREHOUSE,2,QUEUE,"length=0 trucks=[]"
107,WAREHOUSE,2,DOCK_STATUS,"dock=0 FREE"
107,WAREHOUSE,3,QUEUE,"length=0 trucks=[]"
107,WAREHOUSE,3,DOCK_STATUS,"dock=0 FREE dock=1 FREE"
107,WAREHOUSE,4,QUEUE,"length=0 trucks=[]"
107,WAREHOUSE,4,DOCK_STATUS,"dock=0 FREE dock=1 FREE"
107,TRUCK,0,IDLE,"manifest_remaining=0 cargo=0"
107,TRUCK,1,IDLE,"manifest_remaining=0 cargo=0"
107,TRUCK,2,MOVING,"pos=(51.34,54.13) heading to WH-2"
108,WAREHOUSE,0,QUEUE,"length=0 trucks=[]"
108,WAREHOUSE,0,DOCK_STATUS,"dock=0 FREE dock=1 FREE dock=2 FREE"
108,WAREHOUSE,1,QUEUE,"length=0 trucks=[]"
108,WAREHOUSE,1,DOCK_STATUS,"dock=0 FREE dock=1 FREE dock=2 FREE"
108,WAREHOUSE,2,QUEUE,"length=0 trucks=[]"
108,WAREHOUSE,2,DOCK_STATUS,"dock=0 FREE"
108,WAREHOUSE,3,QUEUE,"length=0 trucks=[]"
108,WAREHOUSE,3,DOCK_STATUS,"dock=0 FREE dock=1 FREE"
108,WAREHOUSE,4,QUEUE,"length=0 trucks=[]"
108,WAREHOUSE,4,DOCK_STATUS,"dock=0 FREE dock=1 FREE"
108,TRUCK,0,IDLE,"manifest_remaining=0 cargo=0"
108,TRUCK,1,IDLE,"manifest_remaining=0 cargo=0"
108,TRUCK,2,MOVING,"pos=(50.38,52.37) heading to WH-2"
109,WAREHOUSE,0,QUEUE,"length=0 trucks=[]"
109,WAREHOUSE,0,DOCK_STATUS,"dock=0 FREE dock=1 FREE dock=2 FREE"
109,WAREHOUSE,1,QUEUE,"length=0 trucks=[]"
109,WAREHOUSE,1,DOCK_STATUS,"dock=0 FREE dock=1 FREE dock=2 FREE"
109,WAREHOUSE,2,QUEUE,"length=0 trucks=[]"
109,WAREHOUSE,2,DOCK_STATUS,"dock=0 FREE"
109,WAREHOUSE,3,QUEUE,"length=0 trucks=[]"
109,WAREHOUSE,3,DOCK_STATUS,"dock=0 FREE dock=1 FREE"
109,WAREHOUSE,4,QUEUE,"length=0 trucks=[]"
109,WAREHOUSE,4,DOCK_STATUS,"dock=0 FREE dock=1 FREE"
109,TRUCK,0,IDLE,"manifest_remaining=0 cargo=0"
109,TRUCK,1,IDLE,"manifest_remaining=0 cargo=0"
109,TRUCK,2,MOVING,"pos=(49.43,50.61) heading to WH-2"
110,WAREHOUSE,0,QUEUE,"length=0 trucks=[]"
110,WAREHOUSE,0,DOCK_STATUS,"dock=0 FREE dock=1 FREE dock=2 FREE"
110,WAREHOUSE,1,QUEUE,"length=0 trucks=[]"
110,WAREHOUSE,1,DOCK_STATUS,"dock=0 FREE dock=1 FREE dock=2 FREE"
110,WAREHOUSE,2,QUEUE,"length=0 trucks=[]"
110,WAREHOUSE,2,DOCK_STATUS,"dock=0 FREE"
110,WAREHOUSE,3,QUEUE,"length=0 trucks=[]"
110,WAREHOUSE,3,DOCK_STATUS,"dock=0 FREE dock=1 FREE"
110,WAREHOUSE,4,QUEUE,"length=0 trucks=[]"
110,WAREHOUSE,4,DOCK_STATUS,"dock=0 FREE dock=1 FREE"
110,TRUCK,0,IDLE,"manifest_remaining=0 cargo=0"
110,TRUCK,1,IDLE,"manifest_remaining=0 cargo=0"
110,TRUCK,2,MOVING,"pos=(48.47,48.86) heading to WH-2"
111,WAREHOUSE,0,QUEUE,"length=0 trucks=[]"
111,WAREHOUSE,0,DOCK_STATUS,"dock=0 FREE dock=1 FREE dock=2 FREE"
111,WAREHOUSE,1,QUEUE,"length=0 trucks=[]"
111,WAREHOUSE,1,DOCK_STATUS,"dock=0 FREE dock=1 FREE dock=2 FREE"
111,WAREHOUSE,2,QUEUE,"length=0 trucks=[]"
111,WAREHOUSE,2,DOCK_STATUS,"dock=0 FREE"
111,WAREHOUSE,3,QUEUE,"length=0 trucks=[]"
111,WAREHOUSE,3,DOCK_STATUS,"dock=0 FREE dock=1 FREE"
111,WAREHOUSE,4,QUEUE,"length=0 trucks=[]"
111,WAREHOUSE,4,DOCK_STATUS,"dock=0 FREE dock=1 FREE"
111,TRUCK,0,IDLE,"manifest_remaining=0 cargo=0"
111,TRUCK,1,IDLE,"manifest_remaining=0 cargo=0"
111,TRUCK,2,MOVING,"pos=(47.51,47.10) heading to WH-2"
112,WAREHOUSE,0,QUEUE,"length=0 trucks=[]"
112,WAREHOUSE,0,DOCK_STATUS,"dock=0 FREE dock=1 FREE dock=2 FREE"
112,WAREHOUSE,1,QUEUE,"length=0 trucks=[]"
112,WAREHOUSE,1,DOCK_STATUS,"dock=0 FREE dock=1 FREE dock=2 FREE"
112,WAREHOUSE,2,QUEUE,"length=0 trucks=[]"
112,WAREHOUSE,2,DOCK_STATUS,"dock=0 FREE"
112,WAREHOUSE,3,QUEUE,"length=0 trucks=[]"
112,WAREHOUSE,3,DOCK_STATUS,"dock=0 FREE dock=1 FREE"
112,WAREHOUSE,4,QUEUE,"length=0 trucks=[]"
112,WAREHOUSE,4,DOCK_STATUS,"dock=0 FREE dock=1 FREE"
112,TRUCK,0,IDLE,"manifest_remaining=0 cargo=0"
112,TRUCK,1,IDLE,"manifest_remaining=0 cargo=0"
112,TRUCK,2,MOVING,"pos=(46.56,45.34) heading to WH-2"
113,WAREHOUSE,0,QUEUE,"length=0 trucks=[]"
113,WAREHOUSE,0,DOCK_STATUS,"dock=0 FREE dock=1 FREE dock=2 FREE"
113,WAREHOUSE,1,QUEUE,"length=0 trucks=[]"
113,WAREHOUSE,1,DOCK_STATUS,"dock=0 FREE dock=1 FREE dock=2 FREE"
113,WAREHOUSE,2,QUEUE,"length=0 trucks=[]"
113,WAREHOUSE,2,DOCK_STATUS,"dock=0 FREE"
113,WAREHOUSE,3,QUEUE,"length=0 trucks=[]"
113,WAREHOUSE,3,DOCK_STATUS,"dock=0 FREE dock=1 FREE"
113,WAREHOUSE,4,QUEUE,"length=0 trucks=[]"
113,WAREHOUSE,4,DOCK_STATUS,"dock=0 FREE dock=1 FREE"
113,TRUCK,0,IDLE,"manifest_remaining=0 cargo=0"
113,TRUCK,1,IDLE,"manifest_remaining=0 cargo=0"
113,TRUCK,2,MOVING,"pos=(45.60,43.59) heading to WH-2"
114,WAREHOUSE,0,QUEUE,"length=0 trucks=[]"
114,WAREHOUSE,0,DOCK_STATUS,"dock=0 FREE dock=1 FREE dock=2 FREE"
114,WAREHOUSE,1,QUEUE,"length=0 trucks=[]"
114,WAREHOUSE,1,DOCK_STATUS,"dock=0 FREE dock=1 FREE dock=2 FREE"
114,WAREHOUSE,2,QUEUE,"length=0 trucks=[]"
114,WAREHOUSE,2,DOCK_STATUS,"dock=0 FREE"
114,WAREHOUSE,3,QUEUE,"length=0 trucks=[]"
114,WAREHOUSE,3,DOCK_STATUS,"dock=0 FREE dock=1 FREE"
114,WAREHOUSE,4,QUEUE,"length=0 trucks=[]"
114,WAREHOUSE,4,DOCK_STATUS,"dock=0 FREE dock=1 FREE"
114,TRUCK,0,IDLE,"manifest_remaining=0 cargo=0"
114,TRUCK,1,IDLE,"manifest_remaining=0 cargo=0"
114,TRUCK,2,MOVING,"pos=(44.65,41.83) heading to WH-2"
115,WAREHOUSE,0,QUEUE,"length=0 trucks=[]"
115,WAREHOUSE,0,DOCK_STATUS,"dock=0 FREE dock=1 FREE dock=2 FREE"
115,WAREHOUSE,1,QUEUE,"length=0 trucks=[]"
115,WAREHOUSE,1,DOCK_STATUS,"dock=0 FREE dock=1 FREE dock=2 FREE"
115,WAREHOUSE,2,QUEUE,"length=0 trucks=[]"
115,WAREHOUSE,2,DOCK_STATUS,"dock=0 FREE"
115,WAREHOUSE,3,QUEUE,"length=0 trucks=[]"
115,WAREHOUSE,3,DOCK_STATUS,"dock=0 FREE dock=1 FREE"
115,WAREHOUSE,4,QUEUE,"length=0 trucks=[]"
115,WAREHOUSE,4,DOCK_STATUS,"dock=0 FREE dock=1 FREE"
115,TRUCK,0,IDLE,"manifest_remaining=0 cargo=0"
115,TRUCK,1,IDLE,"manifest_remaining=0 cargo=0"
115,TRUCK,2,MOVING,"pos=(43.69,40.07) heading to WH-2"
116,WAREHOUSE,0,QUEUE,"length=0 trucks=[]"
116,WAREHOUSE,0,DOCK_STATUS,"dock=0 FREE dock=1 FREE dock=2 FREE"
116,WAREHOUSE,1,QUEUE,"length=0 trucks=[]"
116,WAREHOUSE,1,DOCK_STATUS,"dock=0 FREE dock=1 FREE dock=2 FREE"
116,WAREHOUSE,2,QUEUE,"length=0 trucks=[]"
116,WAREHOUSE,2,DOCK_STATUS,"dock=0 FREE"
116,WAREHOUSE,3,QUEUE,"length=0 trucks=[]"
116,WAREHOUSE,3,DOCK_STATUS,"dock=0 FREE dock=1 FREE"
116,WAREHOUSE,4,QUEUE,"length=0 trucks=[]"
116,WAREHOUSE,4,DOCK_STATUS,"dock=0 FREE dock=1 FREE"
116,TRUCK,0,IDLE,"manifest_remaining=0 cargo=0"
116,TRUCK,1,IDLE,"manifest_remaining=0 cargo=0"
116,TRUCK,2,MOVING,"pos=(42.73,38.32) heading to WH-2"
117,WAREHOUSE,0,QUEUE,"length=0 trucks=[]"
117,WAREHOUSE,0,DOCK_STATUS,"dock=0 FREE dock=1 FREE dock=2 FREE"
117,WAREHOUSE,1,QUEUE,"length=0 trucks=[]"
117,WAREHOUSE,1,DOCK_STATUS,"dock=0 FREE dock=1 FREE dock=2 FREE"
117,WAREHOUSE,2,QUEUE,"length=0 trucks=[]"
117,WAREHOUSE,2,DOCK_STATUS,"dock=0 FREE"
117,WAREHOUSE,3,QUEUE,"length=0 trucks=[]"
117,WAREHOUSE,3,DOCK_STATUS,"dock=0 FREE dock=1 FREE"
117,WAREHOUSE,4,QUEUE,"length=0 trucks=[]"
117,WAREHOUSE,4,DOCK_STATUS,"dock=0 FREE dock=1 FREE"
117,TRUCK,0,IDLE,"manifest_remaining=0 cargo=0"
117,TRUCK,1,IDLE,"manifest_remaining=0 cargo=0"
117,TRUCK,2,MOVING,"pos=(41.78,36.56) heading to WH-2"
118,WAREHOUSE,0,QUEUE,"length=0 trucks=[]"
118,WAREHOUSE,0,DOCK_STATUS,"dock=0 FREE dock=1 FREE dock=2 FREE"
118,WAREHOUSE,1,QUEUE,"length=0 trucks=[]"
118,WAREHOUSE,1,DOCK_STATUS,"dock=0 FREE dock=1 FREE dock=2 FREE"
118,WAREHOUSE,2,QUEUE,"length=0 trucks=[]"
118,WAREHOUSE,2,DOCK_STATUS,"dock=0 FREE"
118,WAREHOUSE,3,QUEUE,"length=0 trucks=[]"
118,WAREHOUSE,3,DOCK_STATUS,"dock=0 FREE dock=1 FREE"
118,WAREHOUSE,4,QUEUE,"length=0 trucks=[]"
118,WAREHOUSE,4,DOCK_STATUS,"dock=0 FREE dock=1 FREE"
118,TRUCK,0,IDLE,"manifest_remaining=0 cargo=0"
118,TRUCK,1,IDLE,"manifest_remaining=0 cargo=0"
118,TRUCK,2,MOVING,"pos=(40.82,34.80) heading to WH-2"
119,WAREHOUSE,0,QUEUE,"length=0 trucks=[]"
119,WAREHOUSE,0,DOCK_STATUS,"dock=0 FREE dock=1 FREE dock=2 FREE"
119,WAREHOUSE,1,QUEUE,"length=0 trucks=[]"
119,WAREHOUSE,1,DOCK_STATUS,"dock=0 FREE dock=1 FREE dock=2 FREE"
119,WAREHOUSE,2,QUEUE,"length=0 trucks=[]"
119,WAREHOUSE,2,DOCK_STATUS,"dock=0 FREE"
119,WAREHOUSE,3,QUEUE,"length=0 trucks=[]"
119,WAREHOUSE,3,DOCK_STATUS,"dock=0 FREE dock=1 FREE"
119,WAREHOUSE,4,QUEUE,"length=0 trucks=[]"
119,WAREHOUSE,4,DOCK_STATUS,"dock=0 FREE dock=1 FREE"
119,TRUCK,0,IDLE,"manifest_remaining=0 cargo=0"
119,TRUCK,1,IDLE,"manifest_remaining=0 cargo=0"
119,TRUCK,2,MOVING,"pos=(39.87,33.05) heading to WH-2"
120,WAREHOUSE,0,QUEUE,"length=0 trucks=[]"
120,WAREHOUSE,0,DOCK_STATUS,"dock=0 FREE dock=1 FREE dock=2 FREE"
120,WAREHOUSE,1,QUEUE,"length=0 trucks=[]"
120,WAREHOUSE,1,DOCK_STATUS,"dock=0 FREE dock=1 FREE dock=2 FREE"
120,WAREHOUSE,2,QUEUE,"length=0 trucks=[]"
120,WAREHOUSE,2,DOCK_STATUS,"dock=0 FREE"
120,WAREHOUSE,3,QUEUE,"length=0 trucks=[]"
120,WAREHOUSE,3,DOCK_STATUS,"dock=0 FREE dock=1 FREE"
120,WAREHOUSE,4,QUEUE,"length=0 trucks=[]"
120,WAREHOUSE,4,DOCK_STATUS,"dock=0 FREE dock=1 FREE"
120,TRUCK,0,IDLE,"manifest_remaining=0 cargo=0"
120,TRUCK,1,IDLE,"manifest_remaining=0 cargo=0"
120,TRUCK,2,MOVING,"pos=(38.91,31.29) heading to WH-2"
121,WAREHOUSE,0,QUEUE,"length=0 trucks=[]"
121,WAREHOUSE,0,DOCK_STATUS,"dock=0 FREE dock=1 FREE dock=2 FREE"
121,WAREHOUSE,1,QUEUE,"length=0 trucks=[]"
121,WAREHOUSE,1,DOCK_STATUS,"dock=0 FREE dock=1 FREE dock=2 FREE"
121,WAREHOUSE,2,QUEUE,"length=0 trucks=[]"
121,WAREHOUSE,2,DOCK_STATUS,"dock=0 FREE"
121,WAREHOUSE,3,QUEUE,"length=0 trucks=[]"
121,WAREHOUSE,3,DOCK_STATUS,"dock=0 FREE dock=1 FREE"
121,WAREHOUSE,4,QUEUE,"length=0 trucks=[]"
121,WAREHOUSE,4,DOCK_STATUS,"dock=0 FREE dock=1 FREE"
121,TRUCK,0,IDLE,"manifest_remaining=0 cargo=0"
121,TRUCK,1,IDLE,"manifest_remaining=0 cargo=0"
121,TRUCK,2,MOVING,"pos=(37.95,29.53) heading to WH-2"
122,WAREHOUSE,0,QUEUE,"length=0 trucks=[]"
122,WAREHOUSE,0,DOCK_STATUS,"dock=0 FREE dock=1 FREE dock=2 FREE"
122,WAREHOUSE,1,QUEUE,"length=0 trucks=[]"
122,WAREHOUSE,1,DOCK_STATUS,"dock=0 FREE dock=1 FREE dock=2 FREE"
122,WAREHOUSE,2,QUEUE,"length=0 trucks=[]"
122,WAREHOUSE,2,DOCK_STATUS,"dock=0 FREE"
122,WAREHOUSE,3,QUEUE,"length=0 trucks=[]"
122,WAREHOUSE,3,DOCK_STATUS,"dock=0 FREE dock=1 FREE"
122,WAREHOUSE,4,QUEUE,"length=0 trucks=[]"
122,WAREHOUSE,4,DOCK_STATUS,"dock=0 FREE dock=1 FREE"
122,TRUCK,0,IDLE,"manifest_remaining=0 cargo=0"
122,TRUCK,1,IDLE,"manifest_remaining=0 cargo=0"
122,TRUCK,2,MOVING,"pos=(37.00,27.78) heading to WH-2"
123,WAREHOUSE,0,QUEUE,"length=0 trucks=[]"
123,WAREHOUSE,0,DOCK_STATUS,"dock=0 FREE dock=1 FREE dock=2 FREE"
123,WAREHOUSE,1,QUEUE,"length=0 trucks=[]"
123,WAREHOUSE,1,DOCK_STATUS,"dock=0 FREE dock=1 FREE dock=2 FREE"
123,WAREHOUSE,2,QUEUE,"length=0 trucks=[]"
123,WAREHOUSE,2,DOCK_STATUS,"dock=0 FREE"
123,WAREHOUSE,3,QUEUE,"length=0 trucks=[]"
123,WAREHOUSE,3,DOCK_STATUS,"dock=0 FREE dock=1 FREE"
123,WAREHOUSE,4,QUEUE,"length=0 trucks=[]"
123,WAREHOUSE,4,DOCK_STATUS,"dock=0 FREE dock=1 FREE"
123,TRUCK,0,IDLE,"manifest_remaining=0 cargo=0"
123,TRUCK,1,IDLE,"manifest_remaining=0 cargo=0"
123,TRUCK,2,WAITING,"queued at WH-2"
124,WAREHOUSE,0,QUEUE,"length=0 trucks=[]"
124,WAREHOUSE,0,DOCK_STATUS,"dock=0 FREE dock=1 FREE dock=2 FREE"
124,WAREHOUSE,1,QUEUE,"length=0 trucks=[]"
124,WAREHOUSE,1,DOCK_STATUS,"dock=0 FREE dock=1 FREE dock=2 FREE"
124,WAREHOUSE,2,QUEUE,"length=0 trucks=[]"
124,WAREHOUSE,2,DOCK_STATUS,"dock=0 truck=2"
124,WAREHOUSE,3,QUEUE,"length=0 trucks=[]"
124,WAREHOUSE,3,DOCK_STATUS,"dock=0 FREE dock=1 FREE"
124,WAREHOUSE,4,QUEUE,"length=0 trucks=[]"
124,WAREHOUSE,4,DOCK_STATUS,"dock=0 FREE dock=1 FREE"
124,TRUCK,0,IDLE,"manifest_remaining=0 cargo=0"
124,TRUCK,1,IDLE,"manifest_remaining=0 cargo=0"
124,TRUCK,2,UNLOADING,"delivered shipment 4 at WH-2"
124,SHIPMENT,4,DELIVERED,"WH-3 to WH-2 pickup_hr=81 delivery_hr=124"
124,TRUCK,2,IDLE,"manifest_remaining=0 cargo=0"
